obj,class,nfaces,nvertices,faces
m433.obj,House,4236,2380,triangle
m440.obj,House,906,411,triangle
m448.obj,House,1502,762,triangle
D00359.obj,House,66144,35522,triangle
D00389.obj,House,50407,27493,triangle
m461.obj,House,1587,816,triangle
m439.obj,House,532,356,triangle
D00095.obj,House,3304,3375,triangle
D00325.obj,House,16975,10373,triangle
m429.obj,House,27982,14312,triangle
D00454.obj,House,10208,6044,triangle
D00941.obj,House,15800,8511,triangle
D00091.obj,House,768,617,triangle
m457.obj,House,417,284,triangle
m447.obj,House,2370,1455,triangle
m441.obj,House,2283,2086,triangle
m453.obj,House,5116,2385,triangle
D00665.obj,House,2109,1216,triangle
D00044.obj,House,19412,10202,triangle
m449.obj,House,328,221,triangle
D00415.obj,House,46904,25185,triangle
m430.obj,House,2832,1686,triangle
D00873.obj,House,13009,6380,triangle
D00965.obj,House,2800,1752,triangle
m431.obj,House,1275,966,triangle
m454.obj,House,216,200,triangle
D00286.obj,House,62973,28479,triangle
D00946.obj,House,15272,7423,triangle
m432.obj,House,1207,722,triangle
D00568.obj,House,5384,2852,triangle
m446.obj,House,35236,20624,triangle
m434.obj,House,26,22,triangle
m435.obj,House,184,119,triangle
D00889.obj,House,2048,2050,triangle
m456.obj,House,703,607,triangle
D00001.obj,House,90161,46622,triangle
D00574.obj,House,68220,15615,triangle
m451.obj,House,1696,905,triangle
D00903.obj,House,55333,28137,triangle
m460.obj,House,8520,4748,triangle
m423.obj,House,48,35,triangle
m462.obj,House,22,25,triangle
m436.obj,House,240,220,triangle
m443.obj,House,417,284,triangle
D00901.obj,House,40698,17257,triangle
m452.obj,House,5111,2557,triangle
m1510.obj,Car,109357,54710,triangle
m1492.obj,Car,10880,5914,triangle
m1507.obj,Car,12769,6514,triangle
m1555.obj,Car,30255,16607,triangle
m1527.obj,Car,14450,7315,triangle
m1489.obj,Car,3352,1684,triangle
m1509.obj,Car,95017,47558,triangle
m1548.obj,Car,14914,8278,triangle
m1505.obj,Car,21007,10969,triangle
D00670.obj,Car,6755,4978,triangle
m1531.obj,Car,4060,2170,triangle
m1543.obj,Car,548,386,triangle
D00793.obj,Car,9907,5322,triangle
m1500.obj,Car,3260,1644,triangle
D00541.obj,Car,4770,2956,triangle
m1562.obj,Car,21840,12016,triangle
m1495.obj,Car,13402,6870,triangle
m1550.obj,Car,17526,9369,triangle
m1535.obj,Car,29304,15178,triangle
m1539.obj,Car,16515,8254,triangle
m1488.obj,Car,9223,4952,triangle
m1485.obj,Car,12263,6148,triangle
m1563.obj,Car,1110,616,triangle
m1490.obj,Car,5566,2868,triangle
D00785.obj,Car,11230,7248,triangle
D00168.obj,Car,8157,4999,triangle
m1528.obj,Car,37254,18656,triangle
D00236.obj,Car,45234,26709,triangle
m1556.obj,Car,119540,35131,triangle
D00299.obj,Car,45452,23527,triangle
m1516.obj,Car,24863,12279,triangle
D00671.obj,Car,37380,29817,triangle
m1506.obj,Car,7879,4284,triangle
D00767.obj,Car,20980,13728,triangle
D00452.obj,Car,47667,25495,triangle
m1544.obj,Car,116378,60326,triangle
m1526.obj,Car,560,320,triangle
m1545.obj,Car,14914,8278,triangle
m1536.obj,Car,3653,1503,triangle
D00724.obj,Car,29905,17676,triangle
m1519.obj,Car,7958,4275,triangle
m1542.obj,Car,7414,4384,triangle
m1515.obj,Car,391,250,triangle
D00265.obj,Car,9157,4960,triangle
m1504.obj,Car,3269,1621,triangle
m1521.obj,Car,580,308,triangle
m1558.obj,Car,11791,6943,triangle
D00504.obj,Car,9168,5153,triangle
m1513.obj,Car,20844,13106,triangle
m1497.obj,Car,7234,3655,triangle
m1522.obj,Car,4713,2676,triangle
m1525.obj,Car,21450,10545,triangle
m1486.obj,Car,11230,5911,triangle
D00405.obj,Car,24552,62279,triangle
D00618.obj,Car,5877,3506,triangle
D00260.obj,Car,57440,38335,triangle
m1540.obj,Car,16860,8492,triangle
D00377.obj,Car,16515,8260,triangle
m1561.obj,Car,558,332,triangle
m1552.obj,Car,10474,5247,triangle
m1557.obj,Car,16656,8489,triangle
m1512.obj,Car,11468,6816,triangle
m1538.obj,Car,3640,1830,triangle
D00803.obj,Car,50126,25807,triangle
m1503.obj,Car,50685,24786,triangle
m1502.obj,Car,7120,4970,triangle
m1530.obj,Car,2286,1268,triangle
m1532.obj,Car,134,132,triangle
m1553.obj,Car,1915,1239,triangle
m1511.obj,Car,20577,10828,triangle
m1547.obj,Car,440,249,triangle
D00865.obj,Car,24340,15085,triangle
m1508.obj,Car,10492,4336,triangle
m1487.obj,Car,15436,7454,triangle
m1523.obj,Car,3640,1830,triangle
m1524.obj,Car,3014,1517,triangle
m1517.obj,Car,7448,3956,triangle
D00976.obj,Car,32782,18122,triangle
m1518.obj,Car,14482,7486,triangle
m1533.obj,Car,14462,7374,triangle
m1529.obj,Car,7412,4168,triangle
m1559.obj,Car,30000,15606,triangle
m1499.obj,Car,31807,15465,triangle
m1496.obj,Car,16736,8404,triangle
m1514.obj,Car,36856,18662,triangle
m1546.obj,Car,15012,9068,triangle
m1551.obj,Car,35465,18528,triangle
m1498.obj,Car,10496,5514,triangle
m1560.obj,Car,43584,21686,triangle
D00314.obj,ClassicPiano,31047,6800,triangle
D00009.obj,ClassicPiano,11958,2027,triangle
D00605.obj,ClassicPiano,47805,8121,triangle
D00190.obj,ClassicPiano,10371,1572,triangle
D00120.obj,ClassicPiano,1311,231,triangle
D00784.obj,ClassicPiano,31437,5131,triangle
D00305.obj,ClassicPiano,10353,1711,triangle
D00279.obj,ClassicPiano,43107,7253,triangle
D00034.obj,ClassicPiano,10902,1611,triangle
D00092.obj,ClassicPiano,33381,5901,triangle
D00789.obj,ClassicPiano,15573,3136,triangle
D00233.obj,ClassicPiano,27690,5205,triangle
D00811.obj,ClassicPiano,3606,615,triangle
D00845.obj,ClassicPiano,3345,750,triangle
D00561.obj,ClassicPiano,9165,1826,triangle
D00983.obj,ClassicPiano,954,204,triangle
D00254.obj,ClassicPiano,8016,1335,triangle
D00579.obj,ClassicPiano,12150,2369,triangle
D00967.obj,ClassicPiano,8391,4279,triangle
D00005.obj,ClassicPiano,3708,626,triangle
D00086.obj,Apartment,42064,20493,triangle
D00348.obj,Apartment,3008,2006,triangle
D00138.obj,Apartment,21140,10827,triangle
m464.obj,Apartment,12810,8301,triangle
D00780.obj,Apartment,13684,8240,triangle
m465.obj,Apartment,4363,2335,triangle
D00681.obj,Apartment,15557,13823,triangle
D00310.obj,Apartment,9480,14464,triangle
D00366.obj,Apartment,2540,1294,triangle
D00156.obj,Apartment,19380,12732,triangle
m463.obj,Apartment,3672,2022,triangle
D00626.obj,Apartment,64688,73184,triangle
D00859.obj,Apartment,2163,1378,triangle
D00639.obj,Apartment,7980,4849,triangle
D00860.obj,Apartment,25206,19857,triangle
D00869.obj,Apartment,9069,4930,triangle
D00478.obj,Apartment,25206,19857,triangle
D00921.obj,Apartment,7983,12842,triangle
D00496.obj,Apartment,2579,7737,triangle
D00953.obj,Apartment,7140,4158,triangle
D00792.obj,Apartment,1158,1327,triangle
D00045.obj,Apartment,21021,14865,triangle
D00651.obj,Apartment,19380,12732,triangle
m831.obj,MultiSeat,900,448,triangle
m774.obj,MultiSeat,448,264,triangle
m779.obj,MultiSeat,1268,660,triangle
m782.obj,MultiSeat,46,40,triangle
D00263.obj,MultiSeat,80270,41265,triangle
D00046.obj,MultiSeat,2354,1191,triangle
D00648.obj,MultiSeat,30300,15181,triangle
m838.obj,MultiSeat,4292,2162,triangle
m833.obj,MultiSeat,549,350,triangle
D00607.obj,MultiSeat,6272,3156,triangle
m775.obj,MultiSeat,961,545,triangle
D00588.obj,MultiSeat,435,307,triangle
D00146.obj,MultiSeat,43920,21992,triangle
D00053.obj,MultiSeat,2964,3214,triangle
m780.obj,MultiSeat,468,312,triangle
D00289.obj,MultiSeat,24874,12463,triangle
D00652.obj,MultiSeat,9182,4607,triangle
m836.obj,MultiSeat,44,28,triangle
m839.obj,MultiSeat,1064,540,triangle
D00749.obj,MultiSeat,42729,32736,triangle
m835.obj,MultiSeat,390,257,triangle
m781.obj,MultiSeat,508,352,triangle
m829.obj,MultiSeat,1032,540,triangle
D00285.obj,MultiSeat,7440,3770,triangle
m841.obj,MultiSeat,68,36,triangle
m783.obj,MultiSeat,120,66,triangle
m778.obj,MultiSeat,90,46,triangle
D00273.obj,MultiSeat,55260,27775,triangle
m776.obj,MultiSeat,1912,880,triangle
m777.obj,MultiSeat,1860,1051,triangle
D00036.obj,MultiSeat,264,144,triangle
m837.obj,MultiSeat,31050,15969,triangle
D00637.obj,MultiSeat,15019,7542,triangle
D00237.obj,MultiSeat,3840,1940,triangle
m832.obj,MultiSeat,3398,1970,triangle
D00985.obj,MultiSeat,21196,10614,triangle
D00329.obj,MultiSeat,1064,540,triangle
m834.obj,MultiSeat,280,164,triangle
D00145.obj,MultiSeat,308,168,triangle
m840.obj,MultiSeat,180,94,triangle
D00586.obj,MultiSeat,7796,3922,triangle
D00245.obj,MultiSeat,3296,1672,triangle
m784.obj,MultiSeat,36,24,triangle
m830.obj,MultiSeat,420,238,triangle
m843.obj,MultiSeat,15128,8085,triangle
m231.obj,Humanoid,24954,13022,triangle
m151.obj,Humanoid,5954,2996,triangle
m126.obj,Humanoid,1018,577,triangle
m143.obj,Humanoid,10737,5647,triangle
m216.obj,Humanoid,17495,9272,triangle
m266.obj,Humanoid,2132,1092,triangle
m232.obj,Humanoid,854,429,triangle
m150.obj,Humanoid,3012,2001,triangle
m130.obj,Humanoid,1864,1025,triangle
m195.obj,Humanoid,44050,22608,triangle
m198.obj,Humanoid,19582,4657,triangle
m164.obj,Humanoid,1396,728,triangle
m242.obj,Humanoid,880,598,triangle
m243.obj,Humanoid,857,568,triangle
m173.obj,Humanoid,1702,1003,triangle
m168.obj,Humanoid,5476,2640,triangle
m169.obj,Humanoid,2001,1059,triangle
m134.obj,Humanoid,3615,1962,triangle
m238.obj,Humanoid,880,559,triangle
m176.obj,Humanoid,1288,708,triangle
m223.obj,Humanoid,20895,10473,triangle
m183.obj,Humanoid,7124,3618,triangle
m175.obj,Humanoid,1070,660,triangle
m196.obj,Humanoid,7763,4049,triangle
m188.obj,Humanoid,3352,1863,triangle
m194.obj,Humanoid,3460,2244,triangle
m132.obj,Humanoid,4049,2537,triangle
m237.obj,Humanoid,956,480,triangle
m145.obj,Humanoid,25506,12758,triangle
m144.obj,Humanoid,1302,676,triangle
m213.obj,Humanoid,760,409,triangle
m182.obj,Humanoid,22190,11090,triangle
m154.obj,Humanoid,730,445,triangle
m264.obj,Humanoid,17547,8798,triangle
m119.obj,Humanoid,837,450,triangle
m191.obj,Humanoid,264,124,triangle
m139.obj,Humanoid,24200,12180,triangle
m165.obj,Humanoid,1748,506,triangle
m254.obj,Humanoid,31221,16082,triangle
m220.obj,Humanoid,25449,12911,triangle
m222.obj,Humanoid,34584,17639,triangle
m207.obj,Humanoid,5910,3238,triangle
m258.obj,Humanoid,24119,12410,triangle
m141.obj,Humanoid,3012,2012,triangle
m208.obj,Humanoid,694,349,triangle
m153.obj,Humanoid,18860,10333,triangle
m180.obj,Humanoid,29520,15088,triangle
m155.obj,Humanoid,2576,1290,triangle
m166.obj,Humanoid,1698,476,triangle
m235.obj,Humanoid,812,408,triangle
m128.obj,Humanoid,853,458,triangle
m124.obj,Humanoid,862,473,triangle
m229.obj,Humanoid,35711,18153,triangle
m252.obj,Humanoid,19304,9698,triangle
m129.obj,Humanoid,8364,1871,triangle
m171.obj,Humanoid,1094,614,triangle
m138.obj,Humanoid,14776,7401,triangle
m217.obj,Humanoid,1835,955,triangle
m158.obj,Humanoid,935,521,triangle
m157.obj,Humanoid,1430,747,triangle
m211.obj,Humanoid,5476,2640,triangle
m251.obj,Humanoid,16126,8077,triangle
m255.obj,Humanoid,35325,16870,triangle
m262.obj,Humanoid,880,470,triangle
m210.obj,Humanoid,404,210,triangle
m131.obj,Humanoid,3012,2012,triangle
m214.obj,Humanoid,3420,1739,triangle
m181.obj,Humanoid,16916,8520,triangle
m261.obj,Humanoid,895,481,triangle
m246.obj,Humanoid,886,583,triangle
m125.obj,Humanoid,2500,1250,triangle
m248.obj,Humanoid,897,518,triangle
m146.obj,Humanoid,3460,2244,triangle
m120.obj,Humanoid,870,467,triangle
m227.obj,Humanoid,15968,7015,triangle
m159.obj,Humanoid,998,533,triangle
m245.obj,Humanoid,862,574,triangle
m260.obj,Humanoid,2092,1068,triangle
m163.obj,Humanoid,208,120,triangle
m122.obj,Humanoid,830,443,triangle
m177.obj,Humanoid,185,116,triangle
m187.obj,Humanoid,3128,1618,triangle
m197.obj,Humanoid,3012,2010,triangle
m161.obj,Humanoid,839,495,triangle
m170.obj,Humanoid,32042,16052,triangle
m172.obj,Humanoid,1413,745,triangle
m241.obj,Humanoid,874,589,triangle
m140.obj,Humanoid,18110,9061,triangle
m199.obj,Humanoid,12936,6540,triangle
m212.obj,Humanoid,2576,1290,triangle
m228.obj,Humanoid,33262,15201,triangle
m184.obj,Humanoid,826,441,triangle
m135.obj,Humanoid,919,498,triangle
m174.obj,Humanoid,2308,1196,triangle
m193.obj,Humanoid,17298,8622,triangle
m236.obj,Humanoid,5445,2841,triangle
m133.obj,Humanoid,4253,2344,triangle
m121.obj,Humanoid,882,471,triangle
m224.obj,Humanoid,19219,9660,triangle
m149.obj,Humanoid,34666,17342,triangle
m226.obj,Humanoid,12712,6368,triangle
m123.obj,Humanoid,890,474,triangle
m179.obj,Humanoid,21422,10735,triangle
m230.obj,Humanoid,28681,14796,triangle
m233.obj,Humanoid,1430,747,triangle
m185.obj,Humanoid,919,493,triangle
m215.obj,Humanoid,1320,689,triangle
m256.obj,Humanoid,14424,7303,triangle
m190.obj,Humanoid,1773,1022,triangle
m162.obj,Humanoid,6988,3581,triangle
m221.obj,Humanoid,21105,10576,triangle
m156.obj,Humanoid,33324,16776,triangle
m186.obj,Humanoid,564,375,triangle
m148.obj,Humanoid,7707,3964,triangle
m160.obj,Humanoid,1627,894,triangle
m136.obj,Humanoid,869,469,triangle
m202.obj,Humanoid,228,148,triangle
m137.obj,Humanoid,3254,1636,triangle
m253.obj,Humanoid,23197,11806,triangle
m203.obj,Humanoid,922,477,triangle
m234.obj,Humanoid,992,529,triangle
m259.obj,Humanoid,728,402,triangle
m244.obj,Humanoid,840,540,triangle
m240.obj,Humanoid,1352,716,triangle
m218.obj,Humanoid,1862,947,triangle
m249.obj,Humanoid,15874,7970,triangle
m257.obj,Humanoid,721,372,triangle
m204.obj,Humanoid,2338,1224,triangle
m263.obj,Humanoid,899,478,triangle
m147.obj,Humanoid,8559,4677,triangle
m192.obj,Humanoid,837,450,triangle
m152.obj,Humanoid,20512,10694,triangle
m250.obj,Humanoid,20349,10589,triangle
m239.obj,Humanoid,831,551,triangle
m189.obj,Humanoid,526,309,triangle
m205.obj,Humanoid,1236,662,triangle
m118.obj,Humanoid,888,472,triangle
m265.obj,Humanoid,32530,16267,triangle
m219.obj,Humanoid,608,178,triangle
m167.obj,Humanoid,856,435,triangle
m178.obj,Humanoid,29202,14603,triangle
m206.obj,Humanoid,6056,3109,triangle
D00474.obj,Spoon,363,72,triangle
D00562.obj,Spoon,12999,4958,triangle
D00196.obj,Spoon,4812,1512,triangle
D00669.obj,Spoon,3324,556,triangle
D00085.obj,Spoon,3444,575,triangle
D00144.obj,Spoon,1407,243,triangle
D00517.obj,Spoon,2697,487,triangle
D00683.obj,Spoon,3282,5039,triangle
D00497.obj,Spoon,852,144,triangle
D00842.obj,Spoon,1647,291,triangle
D00790.obj,Spoon,1623,284,triangle
D00157.obj,Spoon,2499,386,triangle
D00422.obj,Spoon,528,109,triangle
D00593.obj,Spoon,918,144,triangle
D00927.obj,Spoon,5448,910,triangle
D00014.obj,Spoon,4485,748,triangle
D00674.obj,Spoon,966,173,triangle
D00661.obj,Spoon,10491,1848,triangle
D00964.obj,Spoon,1014,211,triangle
D00338.obj,Spoon,3021,481,triangle
m1314.obj,Helicopter,2996,1644,triangle
D00361.obj,Helicopter,51403,27062,triangle
m1304.obj,Helicopter,2094,1066,triangle
m1310.obj,Helicopter,2668,1362,triangle
D00423.obj,Helicopter,2668,1362,triangle
m1328.obj,Helicopter,6448,3218,triangle
m1311.obj,Helicopter,2008,1006,triangle
D00868.obj,Helicopter,1325,748,triangle
D00191.obj,Helicopter,8476,4498,triangle
D00470.obj,Helicopter,923,496,triangle
m1307.obj,Helicopter,34708,18454,triangle
D00473.obj,Helicopter,8027,5823,triangle
m1316.obj,Helicopter,682,396,triangle
m1305.obj,Helicopter,14168,7105,triangle
D00397.obj,Helicopter,7990,5567,triangle
m1330.obj,Helicopter,578,294,triangle
m1308.obj,Helicopter,116773,58392,triangle
D00644.obj,Helicopter,70103,35044,triangle
D00991.obj,Helicopter,3391,1988,triangle
m1317.obj,Helicopter,2060,1176,triangle
m1325.obj,Helicopter,2438,1545,triangle
m1333.obj,Helicopter,900,439,triangle
m1334.obj,Helicopter,524,267,triangle
D00820.obj,Helicopter,4000,2929,triangle
D00977.obj,Helicopter,8498,5681,triangle
m1302.obj,Helicopter,1882,1058,triangle
m1320.obj,Helicopter,14166,7818,triangle
D00502.obj,Helicopter,5138,3716,triangle
m1322.obj,Helicopter,1270,675,triangle
D00796.obj,Helicopter,368,222,triangle
m1315.obj,Helicopter,844,510,triangle
m1319.obj,Helicopter,1004,598,triangle
D00038.obj,Helicopter,25129,13309,triangle
m1306.obj,Helicopter,17806,8547,triangle
m1313.obj,Helicopter,2952,1610,triangle
m1329.obj,Helicopter,1242,665,triangle
m1321.obj,Helicopter,5138,2752,triangle
D00986.obj,Helicopter,2060,1176,triangle
m1318.obj,Helicopter,2056,1162,triangle
D00471.obj,Helicopter,20598,10985,triangle
m1327.obj,Helicopter,14167,7851,triangle
D00500.obj,Helicopter,16677,9980,triangle
m1312.obj,Helicopter,368,222,triangle
m1309.obj,Helicopter,3460,2046,triangle
D00498.obj,Helicopter,3406,2133,triangle
m1336.obj,Helicopter,2319,1201,triangle
m1326.obj,Helicopter,2709,1545,triangle
m1323.obj,Helicopter,10656,6136,triangle
D00658.obj,Helicopter,4664,2770,triangle
m1332.obj,Helicopter,923,496,triangle
D00751.obj,Helicopter,34164,17617,triangle
D00135.obj,DeskPhone,848,531,triangle
D00403.obj,DeskPhone,54523,27361,triangle
D00897.obj,DeskPhone,53857,27510,triangle
D00318.obj,DeskPhone,8494,4313,triangle
D00154.obj,DeskPhone,22944,17247,triangle
D00899.obj,DeskPhone,79652,39872,triangle
D00680.obj,DeskPhone,1508,820,triangle
D00118.obj,DeskPhone,21950,12443,triangle
D00486.obj,DeskPhone,3314,1699,triangle
D00958.obj,DeskPhone,16509,11731,triangle
D00894.obj,DeskPhone,1678,880,triangle
D00957.obj,DeskPhone,28992,14677,triangle
D00316.obj,DeskPhone,94497,48093,triangle
D00511.obj,DeskPhone,60638,31349,triangle
D00829.obj,DeskPhone,7692,3870,triangle
D00556.obj,DeskPhone,1108,586,triangle
D00706.obj,DeskPhone,51962,44937,triangle
D00773.obj,DeskPhone,42664,23711,triangle
D00220.obj,DeskPhone,7780,3924,triangle
D00576.obj,DeskPhone,26647,13619,triangle
m102.obj,Quadruped,226,127,triangle
m275.obj,Quadruped,41168,20586,triangle
m104.obj,Quadruped,462,233,triangle
D00226.obj,Quadruped,5803,2949,triangle
m88.obj,Quadruped,3220,1618,triangle
m90.obj,Quadruped,3526,1783,triangle
m280.obj,Quadruped,5504,2894,triangle
m281.obj,Quadruped,20198,10119,triangle
D00795.obj,Quadruped,21595,13081,triangle
m95.obj,Quadruped,1908,956,triangle
D00218.obj,Quadruped,7040,3666,triangle
m109.obj,Quadruped,2520,1288,triangle
m93.obj,Quadruped,464,278,triangle
m89.obj,Quadruped,25030,12515,triangle
m97.obj,Quadruped,7083,3601,triangle
m111.obj,Quadruped,2442,1238,triangle
D00663.obj,Quadruped,20871,12046,triangle
D00508.obj,Quadruped,20746,11910,triangle
D00841.obj,Quadruped,4159,2100,triangle
m112.obj,Quadruped,15294,7691,triangle
D00380.obj,Quadruped,874,505,triangle
m86.obj,Quadruped,245,176,triangle
m92.obj,Quadruped,3888,1971,triangle
D00261.obj,Quadruped,5788,3093,triangle
m279.obj,Quadruped,524,275,triangle
m282.obj,Quadruped,3587,1848,triangle
m278.obj,Quadruped,646,359,triangle
D00831.obj,Quadruped,3169,1614,triangle
m103.obj,Quadruped,31432,16049,triangle
m98.obj,Quadruped,8236,4195,triangle
m106.obj,Quadruped,690,346,triangle
m105.obj,Quadruped,260,146,triangle
D00700.obj,Quadruped,13992,9174,triangle
D00150.obj,Quadruped,23530,24936,triangle
m96.obj,Quadruped,10061,5169,triangle
m108.obj,Quadruped,22258,11105,triangle
m274.obj,Quadruped,47904,23984,triangle
m87.obj,Quadruped,1331,691,triangle
m273.obj,Quadruped,942,485,triangle
D00867.obj,Quadruped,12676,7873,triangle
D00509.obj,Quadruped,14620,8159,triangle
D00794.obj,Quadruped,15018,8184,triangle
D00409.obj,Quadruped,24612,12515,triangle
D00326.obj,Quadruped,6052,3077,triangle
D00583.obj,Quadruped,37418,20126,triangle
m100.obj,Quadruped,1208,606,triangle
m101.obj,Quadruped,2180,1143,triangle
D00934.obj,Quadruped,3888,1971,triangle
m277.obj,Quadruped,874,445,triangle
m91.obj,Quadruped,3169,1614,triangle
D00111.obj,Quadruped,4574,2315,triangle
m276.obj,Quadruped,4587,2309,triangle
m99.obj,Quadruped,2888,1450,triangle
m110.obj,Quadruped,902,453,triangle
m107.obj,Quadruped,6052,3051,triangle
m94.obj,Quadruped,6328,3332,triangle
D00757.obj,Quadruped,6041,3240,triangle
D00564.obj,Rocket,24466,73398,triangle
D00472.obj,Rocket,108,93,triangle
D00851.obj,Rocket,2048,1175,triangle
D00614.obj,Rocket,224,161,triangle
D00426.obj,Rocket,56,36,triangle
D00942.obj,Rocket,368,186,triangle
D00346.obj,Rocket,2904,1508,triangle
D00343.obj,Rocket,2008,1053,triangle
D00697.obj,Rocket,430,217,triangle
D00428.obj,Rocket,2048,1175,triangle
D00975.obj,Rocket,15346,46038,triangle
D00485.obj,Rocket,4064,2101,triangle
D00585.obj,Rocket,1728,1014,triangle
D00719.obj,Rocket,12970,7915,triangle
D00354.obj,Rocket,6348,3242,triangle
D00528.obj,Rocket,392,204,triangle
D00437.obj,Rocket,3910,1810,triangle
D00015.obj,Rocket,156,88,triangle
D00433.obj,Rocket,304,170,triangle
D00764.obj,Rocket,400,250,triangle
D00581.obj,RoundTable,1526,4126,triangle
D00401.obj,RoundTable,551,355,triangle
D00501.obj,RoundTable,1468,744,triangle
m933.obj,RoundTable,100,55,triangle
D00503.obj,RoundTable,3316,1706,triangle
m922.obj,RoundTable,88,54,triangle
D00649.obj,RoundTable,4256,2136,triangle
D00948.obj,RoundTable,3464,1740,triangle
D00524.obj,RoundTable,2262,1141,triangle
D00083.obj,RoundTable,2040,1072,triangle
m930.obj,RoundTable,978,501,triangle
m926.obj,RoundTable,408,218,triangle
D00866.obj,RoundTable,636,288,triangle
m928.obj,RoundTable,752,463,triangle
m935.obj,RoundTable,241,128,triangle
m923.obj,RoundTable,366,201,triangle
D00492.obj,RoundTable,25984,13002,triangle
D00702.obj,RoundTable,13237,6647,triangle
m925.obj,RoundTable,408,216,triangle
D00909.obj,RoundTable,2330,1238,triangle
m924.obj,RoundTable,408,215,triangle
D00756.obj,RoundTable,1652,837,triangle
m927.obj,RoundTable,366,201,triangle
m931.obj,RoundTable,88,54,triangle
m929.obj,RoundTable,752,444,triangle
D00194.obj,RoundTable,604,371,triangle
m937.obj,RoundTable,140,72,triangle
D00646.obj,RoundTable,3600,1921,triangle
D00344.obj,RoundTable,236,136,triangle
D00827.obj,RoundTable,3436,1732,triangle
D00407.obj,RoundTable,408,215,triangle
m938.obj,RoundTable,840,422,triangle
D00107.obj,RoundTable,904,356,triangle
D00094.obj,RoundTable,24720,12414,triangle
m932.obj,RoundTable,20594,10889,triangle
m921.obj,RoundTable,3600,1921,triangle
m934.obj,RoundTable,276,148,triangle
D00849.obj,Guitar,58093,29495,triangle
D00124.obj,Guitar,2871,2013,triangle
D00844.obj,Guitar,13769,9253,triangle
D00414.obj,Guitar,1397,947,triangle
D00076.obj,Guitar,17465,8889,triangle
D00549.obj,Guitar,20236,10340,triangle
D00041.obj,Guitar,50370,28373,triangle
D00534.obj,Guitar,3600,1864,triangle
D00655.obj,Guitar,11008,8251,triangle
D00335.obj,Guitar,64993,32795,triangle
D00232.obj,Guitar,12087,7781,triangle
D00645.obj,Guitar,1932,1033,triangle
D00461.obj,Guitar,16932,8636,triangle
D00222.obj,Guitar,1998,1068,triangle
D00464.obj,Guitar,5657,3016,triangle
D00416.obj,Guitar,9011,4694,triangle
D00374.obj,Guitar,2575,1491,triangle
D00023.obj,Guitar,7019,3655,triangle
D00097.obj,Guitar,448,270,triangle
D00494.obj,Guitar,47406,32748,triangle
m532.obj,Vase,480,240,triangle
m529.obj,Vase,3121,1750,triangle
m542.obj,Vase,572,296,triangle
m544.obj,Vase,2000,1002,triangle
m539.obj,Vase,5004,2526,triangle
m535.obj,Vase,320,176,triangle
m537.obj,Vase,1008,504,triangle
m545.obj,Vase,800,402,triangle
m546.obj,Vase,2000,1002,triangle
m536.obj,Vase,9152,4578,triangle
m533.obj,Vase,68,32,triangle
m547.obj,Vase,1000,529,triangle
m527.obj,Vase,348,176,triangle
m534.obj,Vase,480,241,triangle
m540.obj,Vase,604,304,triangle
m528.obj,Vase,6132,3128,triangle
m531.obj,Vase,2592,1296,triangle
m538.obj,Vase,638,301,triangle
m543.obj,Vase,1196,624,triangle
m541.obj,Vase,1196,312,triangle
m1286.obj,Jet,428,334,triangle
m1297.obj,Jet,1044,640,triangle
m1178.obj,Jet,572,258,triangle
m1158.obj,Jet,588,336,triangle
m1235.obj,Jet,376,193,triangle
m1219.obj,Jet,364,185,triangle
m1156.obj,Jet,2452,1335,triangle
m1183.obj,Jet,780,520,triangle
m1152.obj,Jet,6881,3726,triangle
m1151.obj,Jet,1660,858,triangle
m1210.obj,Jet,1145,577,triangle
m1184.obj,Jet,382,182,triangle
m1227.obj,Jet,324,265,triangle
m1190.obj,Jet,318,142,triangle
m1252.obj,Jet,4854,3072,triangle
m1291.obj,Jet,444,272,triangle
m1221.obj,Jet,688,372,triangle
m1273.obj,Jet,924,475,triangle
m1222.obj,Jet,612,332,triangle
m1202.obj,Jet,1332,688,triangle
m1250.obj,Jet,4970,2539,triangle
m1228.obj,Jet,368,329,triangle
m1205.obj,Jet,556,369,triangle
m1209.obj,Jet,480,244,triangle
m1261.obj,Jet,652,431,triangle
m1296.obj,Jet,408,250,triangle
m1255.obj,Jet,6441,3167,triangle
m1241.obj,Jet,720,480,triangle
m1299.obj,Jet,264,210,triangle
m1193.obj,Jet,2030,1020,triangle
m1215.obj,Jet,308,162,triangle
m1251.obj,Jet,2237,1198,triangle
m1232.obj,Jet,418,203,triangle
m1253.obj,Jet,476,348,triangle
m1237.obj,Jet,480,212,triangle
m1280.obj,Jet,324,249,triangle
m1195.obj,Jet,460,340,triangle
m1267.obj,Jet,335,230,triangle
m1301.obj,Jet,144,74,triangle
m1263.obj,Jet,2092,1244,triangle
m1204.obj,Jet,588,277,triangle
m1282.obj,Jet,608,368,triangle
m1290.obj,Jet,372,279,triangle
m1191.obj,Jet,2444,1295,triangle
m1248.obj,Jet,558,296,triangle
m1279.obj,Jet,1204,734,triangle
m1188.obj,Jet,538,279,triangle
m1216.obj,Jet,1754,879,triangle
m1289.obj,Jet,9746,5078,triangle
m1270.obj,Jet,452,295,triangle
m1246.obj,Jet,784,366,triangle
m1230.obj,Jet,4325,2360,triangle
m1154.obj,Jet,1000,520,triangle
m1293.obj,Jet,1540,906,triangle
m1207.obj,Jet,669,412,triangle
m1213.obj,Jet,504,254,triangle
m1238.obj,Jet,396,196,triangle
m1179.obj,Jet,1994,1203,triangle
m1277.obj,Jet,4224,2239,triangle
m1149.obj,Jet,5874,3003,triangle
m1242.obj,Jet,608,380,triangle
m1239.obj,Jet,676,428,triangle
m1176.obj,Jet,642,213,triangle
m1229.obj,Jet,6422,3388,triangle
m1256.obj,Jet,18363,9398,triangle
m1224.obj,Jet,944,559,triangle
m1208.obj,Jet,519,308,triangle
m1196.obj,Jet,804,523,triangle
m1271.obj,Jet,524,328,triangle
m1197.obj,Jet,484,235,triangle
m1266.obj,Jet,5808,3408,triangle
m1262.obj,Jet,1032,646,triangle
m1287.obj,Jet,1188,714,triangle
m1247.obj,Jet,1546,777,triangle
m1174.obj,Jet,552,281,triangle
m1234.obj,Jet,492,236,triangle
m1300.obj,Jet,76,39,triangle
m1226.obj,Jet,318,161,triangle
m1199.obj,Jet,1136,602,triangle
m1264.obj,Jet,1996,1144,triangle
m1245.obj,Jet,426,215,triangle
m1185.obj,Jet,338,152,triangle
m1257.obj,Jet,17370,8812,triangle
m1269.obj,Jet,272,230,triangle
m1201.obj,Jet,11310,6769,triangle
m1171.obj,Jet,5622,3110,triangle
m1161.obj,Jet,1692,1486,triangle
m1214.obj,Jet,1752,887,triangle
m1169.obj,Jet,2237,1198,triangle
m1157.obj,Jet,2088,1264,triangle
m1294.obj,Jet,352,257,triangle
m1265.obj,Jet,680,423,triangle
m1212.obj,Jet,2513,1173,triangle
m1147.obj,Jet,2320,1149,triangle
m1181.obj,Jet,816,412,triangle
m1159.obj,Jet,6881,3726,triangle
m1292.obj,Jet,5036,2911,triangle
m1288.obj,Jet,2674,1502,triangle
m1217.obj,Jet,594,305,triangle
m1278.obj,Jet,4344,2304,triangle
m1249.obj,Jet,616,310,triangle
m1220.obj,Jet,862,437,triangle
m1173.obj,Jet,4856,2572,triangle
m1258.obj,Jet,3588,2178,triangle
m1231.obj,Jet,130,79,triangle
m1155.obj,Jet,5724,3680,triangle
m1283.obj,Jet,368,275,triangle
m1198.obj,Jet,462,224,triangle
m1260.obj,Jet,14563,6906,triangle
m1295.obj,Jet,244,204,triangle
m1167.obj,Jet,3992,2838,triangle
m1163.obj,Jet,2778,1014,triangle
m1225.obj,Jet,340,183,triangle
m1187.obj,Jet,596,299,triangle
m1172.obj,Jet,4928,1965,triangle
m1223.obj,Jet,2230,1117,triangle
m1182.obj,Jet,354,179,triangle
m1281.obj,Jet,692,415,triangle
m1200.obj,Jet,450,197,triangle
m1165.obj,Jet,768,448,triangle
m1194.obj,Jet,1188,757,triangle
m1274.obj,Jet,684,426,triangle
m1259.obj,Jet,11310,6769,triangle
m1180.obj,Jet,1058,531,triangle
m1162.obj,Jet,5706,2960,triangle
m1233.obj,Jet,516,233,triangle
m1240.obj,Jet,378,182,triangle
m1177.obj,Jet,1010,507,triangle
m1175.obj,Jet,4592,2344,triangle
m1243.obj,Jet,596,282,triangle
m1168.obj,Jet,1106,500,triangle
m1211.obj,Jet,852,486,triangle
m1166.obj,Jet,772,349,triangle
m1285.obj,Jet,1408,802,triangle
m1284.obj,Jet,11608,6334,triangle
m1276.obj,Jet,256,236,triangle
m1275.obj,Jet,272,204,triangle
m1268.obj,Jet,376,240,triangle
m1153.obj,Jet,1478,743,triangle
m1218.obj,Jet,400,274,triangle
m1236.obj,Jet,828,396,triangle
m1150.obj,Jet,1228,622,triangle
m1298.obj,Jet,542,301,triangle
m1710.obj,Door,988,522,triangle
m1721.obj,Door,1446,716,triangle
D01177.obj,Door,98,88,triangle
m1713.obj,Door,11464,6044,triangle
D01129.obj,Door,4338,2695,triangle
m1722.obj,Door,2620,1336,triangle
m1731.obj,Door,4084,1974,triangle
m1714.obj,Door,1772,871,triangle
D01121.obj,Door,16,16,triangle
m1720.obj,Door,1328,716,triangle
m1732.obj,Door,575,300,triangle
D01141.obj,Door,4410,2447,triangle
m1723.obj,Door,252,128,triangle
D01104.obj,Door,1772,871,triangle
D01136.obj,Door,1328,716,triangle
D01005.obj,Door,11464,6044,triangle
m1729.obj,Door,564,336,triangle
D01139.obj,Door,29,31,triangle
m1724.obj,Door,252,124,triangle
D01062.obj,Door,252,128,triangle
D01058.obj,Door,1617,858,triangle
m1717.obj,Door,1617,858,triangle
m1727.obj,Door,7332,3724,triangle
D01121_subdivided.obj,Door,3200,1668,triangle
D01114.obj,Door,2620,1336,triangle
D01143.obj,Door,72,48,triangle
m1726.obj,Door,183,128,triangle
m1716.obj,Door,4410,2447,triangle
D01194.obj,Door,18,18,triangle
m1718.obj,Door,4338,2695,triangle
D01144.obj,Door,132,68,triangle
D01167.obj,Door,252,124,triangle
m1712.obj,Door,3468,1724,triangle
m1728.obj,Door,3790,2018,triangle
D01155.obj,Door,183,128,triangle
m1730.obj,Door,564,336,triangle
D01158.obj,Door,1446,716,triangle
m1707.obj,Door,894,456,triangle
D01029.obj,Door,894,456,triangle
D01052.obj,Door,1314,676,triangle
m1708.obj,Door,16,16,triangle
m1725.obj,Door,6406,3232,triangle
D01076.obj,Door,3468,1724,triangle
m1715.obj,Door,1314,676,triangle
m1711.obj,Door,132,68,triangle
D00480.obj,NonWheelChair,10066,5063,triangle
m827.obj,NonWheelChair,132,88,triangle
m794.obj,NonWheelChair,1232,678,triangle
m812.obj,NonWheelChair,434,257,triangle
m797.obj,NonWheelChair,1719,867,triangle
D00170.obj,NonWheelChair,1266,678,triangle
m799.obj,NonWheelChair,1784,938,triangle
m801.obj,NonWheelChair,16268,8188,triangle
D00481.obj,NonWheelChair,364,932,triangle
m826.obj,NonWheelChair,1144,600,triangle
D00707.obj,NonWheelChair,2568,2921,triangle
D00357.obj,NonWheelChair,20200,10676,triangle
m806.obj,NonWheelChair,904,472,triangle
m823.obj,NonWheelChair,812,440,triangle
D00512.obj,NonWheelChair,546,345,triangle
m817.obj,NonWheelChair,688,368,triangle
D00694.obj,NonWheelChair,1412,730,triangle
D00101.obj,NonWheelChair,20160,10766,triangle
m818.obj,NonWheelChair,120,76,triangle
m810.obj,NonWheelChair,1494,775,triangle
D00936.obj,NonWheelChair,6196,3120,triangle
m816.obj,NonWheelChair,546,341,triangle
D00853.obj,NonWheelChair,7012,3512,triangle
D00419.obj,NonWheelChair,33404,20239,triangle
m821.obj,NonWheelChair,680,349,triangle
m787.obj,NonWheelChair,2678,1373,triangle
m811.obj,NonWheelChair,434,257,triangle
m822.obj,NonWheelChair,1906,967,triangle
D00445.obj,NonWheelChair,1356,1882,triangle
m793.obj,NonWheelChair,98,81,triangle
m828.obj,NonWheelChair,1378,713,triangle
m788.obj,NonWheelChair,612,320,triangle
m786.obj,NonWheelChair,1246,641,triangle
m800.obj,NonWheelChair,190,116,triangle
D00443.obj,NonWheelChair,20392,10328,triangle
m820.obj,NonWheelChair,208,132,triangle
m798.obj,NonWheelChair,599,369,triangle
m785.obj,NonWheelChair,1788,960,triangle
m804.obj,NonWheelChair,552,326,triangle
D00914.obj,NonWheelChair,3784,1931,triangle
m815.obj,NonWheelChair,546,341,triangle
m824.obj,NonWheelChair,1266,678,triangle
D00741.obj,NonWheelChair,6272,4133,triangle
D00240.obj,NonWheelChair,2920,1474,triangle
m789.obj,NonWheelChair,4808,2446,triangle
m813.obj,NonWheelChair,434,257,triangle
m807.obj,NonWheelChair,184,104,triangle
D00928.obj,NonWheelChair,3976,2006,triangle
D00185.obj,NonWheelChair,434,261,triangle
m819.obj,NonWheelChair,664,398,triangle
D00306.obj,NonWheelChair,8440,5160,triangle
m809.obj,NonWheelChair,180,120,triangle
m808.obj,NonWheelChair,1344,842,triangle
m791.obj,NonWheelChair,4508,2288,triangle
m796.obj,NonWheelChair,24253,12172,triangle
m805.obj,NonWheelChair,290,151,triangle
m795.obj,NonWheelChair,5984,3018,triangle
m790.obj,NonWheelChair,5694,2912,triangle
m814.obj,NonWheelChair,546,341,triangle
D00037.obj,NonWheelChair,5336,2936,triangle
D00172.obj,Mug,3440,1800,triangle
D00705.obj,Mug,7584,4158,triangle
D00684.obj,Mug,3446,1723,triangle
D00321.obj,Mug,1112,773,triangle
D00770.obj,Mug,6592,3300,triangle
m509.obj,Mug,11748,5894,triangle
D00227.obj,Mug,38444,19611,triangle
m508.obj,Mug,1988,998,triangle
D00825.obj,Mug,1800,1166,triangle
m504.obj,Mug,3450,1725,triangle
D00908.obj,Mug,1696,1404,triangle
D00341.obj,Mug,14908,7454,triangle
D00728.obj,Mug,18513,9616,triangle
D00747.obj,Mug,30524,15266,triangle
D00760.obj,Mug,6520,3266,triangle
m507.obj,Mug,6592,3330,triangle
D00202.obj,Mug,74720,37360,triangle
m506.obj,Mug,17461,8692,triangle
D00913.obj,Mug,13344,7135,triangle
D00745.obj,Mug,6460,3238,triangle
D00923.obj,Mug,2874,738,triangle
D00833.obj,Mug,3960,2021,triangle
D00427.obj,Mug,10944,5682,triangle
D00372.obj,Mug,1505,785,triangle
m503.obj,Mug,1550,799,triangle
D00685.obj,Mug,11040,5703,triangle
D00383.obj,Drum,1362,360,triangle
D00375.obj,Drum,30513,4790,triangle
D00063.obj,Drum,7752,1800,triangle
D00980.obj,Drum,33699,5653,triangle
D00551.obj,Drum,1572,240,triangle
D00596.obj,Drum,1329,169,triangle
D00557.obj,Drum,2754,444,triangle
D00189.obj,Drum,3894,651,triangle
D00298.obj,Drum,9414,1609,triangle
D00982.obj,Drum,11316,1835,triangle
D00115.obj,Drum,204,36,triangle
D00026.obj,Drum,32619,5506,triangle
D00308.obj,Drum,1128,168,triangle
D00939.obj,Drum,33603,5390,triangle
D00404.obj,Drum,8244,1296,triangle
D00709.obj,Drum,132,102,triangle
D00163.obj,Drum,37275,8433,triangle
D00193.obj,Drum,11628,1800,triangle
D00297.obj,Drum,33351,5561,triangle
D00951.obj,Drum,50202,7993,triangle
m1349.obj,AircraftBuoyant,640,432,triangle
m1338.obj,AircraftBuoyant,16960,8761,triangle
m1337.obj,AircraftBuoyant,340,201,triangle
m1339.obj,AircraftBuoyant,6173,1878,triangle
m1352.obj,AircraftBuoyant,6348,3298,triangle
m1345.obj,AircraftBuoyant,6000,3174,triangle
m1342.obj,AircraftBuoyant,2305,1252,triangle
m1351.obj,AircraftBuoyant,24466,12987,triangle
m1340.obj,AircraftBuoyant,1457,778,triangle
m1347.obj,AircraftBuoyant,6274,3055,triangle
m1350.obj,AircraftBuoyant,1976,1097,triangle
m1343.obj,AircraftBuoyant,344,178,triangle
m1344.obj,AircraftBuoyant,1930,1093,triangle
m1346.obj,AircraftBuoyant,1375,742,triangle
m1348.obj,AircraftBuoyant,1382,795,triangle
m1341.obj,AircraftBuoyant,824,425,triangle
m623.obj,FloorLamp,120,78,triangle
D00211.obj,FloorLamp,9970,5097,triangle
D00388.obj,FloorLamp,7212,3767,triangle
D00955.obj,FloorLamp,16560,8300,triangle
m621.obj,FloorLamp,1528,778,triangle
D00400.obj,FloorLamp,18962,14213,triangle
D00876.obj,FloorLamp,28920,14464,triangle
D00028.obj,FloorLamp,1376,871,triangle
D00924.obj,FloorLamp,34872,17626,triangle
m619.obj,FloorLamp,696,361,triangle
D00408.obj,FloorLamp,6750,4018,triangle
m624.obj,FloorLamp,76,46,triangle
D00856.obj,FloorLamp,6672,3339,triangle
m617.obj,FloorLamp,8828,4440,triangle
m622.obj,FloorLamp,88,54,triangle
D00093.obj,FloorLamp,7472,3756,triangle
m618.obj,FloorLamp,3232,1622,triangle
D00228.obj,FloorLamp,2632,1322,triangle
D00740.obj,FloorLamp,2240,1128,triangle
D00447.obj,FloorLamp,8434,4911,triangle
D00888.obj,FloorLamp,3632,1819,triangle
D00563.obj,FloorLamp,26964,11136,triangle
D00981.obj,FloorLamp,816,454,triangle
m620.obj,FloorLamp,11058,5584,triangle
D00875.obj,FloorLamp,30052,15152,triangle
D00186.obj,FloorLamp,15316,7694,triangle
D00580.obj,FloorLamp,46682,39647,triangle
D00495.obj,FloorLamp,8487,4282,triangle
m339.obj,Hand,4466,2248,triangle
D01200.obj,Hand,14624,7314,triangle
D01022.obj,Hand,1710,799,triangle
D01117.obj,Hand,12072,6038,triangle
m336.obj,Hand,3110,1557,triangle
m337.obj,Hand,3846,1925,triangle
D01097.obj,Hand,12378,6191,triangle
D01093.obj,Hand,16938,8471,triangle
D01060.obj,Hand,2828,1521,triangle
D01118.obj,Hand,3110,1557,triangle
m324.obj,Hand,49998,25001,triangle
D01020.obj,Hand,17044,8524,triangle
D01024.obj,Hand,204,114,triangle
m334.obj,Hand,204,114,triangle
D01106.obj,Hand,4466,2248,triangle
m327.obj,Hand,768,386,triangle
m328.obj,Hand,12072,6038,triangle
m335.obj,Hand,15855,7929,triangle
m323.obj,Hand,86361,43386,triangle
D01006.obj,Hand,15855,7929,triangle
D01172.obj,Hand,86361,43386,triangle
m330.obj,Hand,1710,799,triangle
m338.obj,Hand,3090,1547,triangle
D01170.obj,Hand,3090,1547,triangle
m325.obj,Hand,2878,1546,triangle
D01193.obj,Hand,768,386,triangle
D01153.obj,Hand,49998,25001,triangle
D01198.obj,Hand,3846,1925,triangle
m333.obj,Hand,2042,1023,triangle
D01041.obj,Hand,2878,1546,triangle
m331.obj,Hand,837,421,triangle
m326.obj,Hand,2828,1521,triangle
m332.obj,Hand,2392,1198,triangle
D01197.obj,Hand,14220,7112,triangle
m329.obj,Hand,12378,6191,triangle
D01162.obj,Hand,2392,1198,triangle
D01074.obj,Hand,837,421,triangle
D01055.obj,Train,68304,10979,triangle
D01137.obj,Train,39822,6422,triangle
m1588.obj,Train,7716,4400,triangle
D01014.obj,Train,33993,4274,triangle
D01059.obj,Train,42255,7243,triangle
m1585.obj,Train,10241,5303,triangle
D01016.obj,Train,32214,7754,triangle
D01095.obj,Train,32868,6385,triangle
D01061.obj,Train,37149,6494,triangle
m1578.obj,Train,574,333,triangle
D01134.obj,Train,43209,8721,triangle
m1583.obj,Train,573,309,triangle
D01094.obj,Train,3024,454,triangle
m1587.obj,Train,8999,4658,triangle
D01035.obj,Train,16074,3142,triangle
D01147.obj,Train,13485,2424,triangle
m1580.obj,Train,2568,1400,triangle
D01149.obj,Train,43260,8616,triangle
D01163.obj,Train,26739,4522,triangle
D01047.obj,Train,36372,5450,triangle
m1582.obj,Train,16328,8239,triangle
D01064.obj,Train,29523,5037,triangle
D01180.obj,Train,85308,13612,triangle
D01027.obj,Train,36708,4906,triangle
m1581.obj,Train,22000,11299,triangle
D01031.obj,Train,8559,1257,triangle
D01089.obj,Train,25806,4390,triangle
D01008.obj,Train,25020,4469,triangle
m1584.obj,Train,316,174,triangle
m1586.obj,Train,10581,5520,triangle
m875.obj,RectangleTable,744,528,triangle
D00295.obj,RectangleTable,360,190,triangle
m888.obj,RectangleTable,60,36,triangle
D00505.obj,RectangleTable,334,189,triangle
D00678.obj,RectangleTable,3419,1768,triangle
m920.obj,RectangleTable,736,426,triangle
D00134.obj,RectangleTable,422,224,triangle
m894.obj,RectangleTable,100,80,triangle
m905.obj,RectangleTable,67,48,triangle
D00530.obj,RectangleTable,340,210,triangle
m895.obj,RectangleTable,100,80,triangle
m913.obj,RectangleTable,188,104,triangle
m893.obj,RectangleTable,292,184,triangle
D00944.obj,RectangleTable,1996,1016,triangle
D00523.obj,RectangleTable,25140,12600,triangle
m882.obj,RectangleTable,1072,598,triangle
m912.obj,RectangleTable,60,36,triangle
m907.obj,RectangleTable,214,158,triangle
m871.obj,RectangleTable,184,60,triangle
m889.obj,RectangleTable,1018,511,triangle
D00243.obj,RectangleTable,1648,1066,triangle
D00187.obj,RectangleTable,3688,2136,triangle
D00714.obj,RectangleTable,960,672,triangle
m874.obj,RectangleTable,88,68,triangle
m897.obj,RectangleTable,152,128,triangle
m873.obj,RectangleTable,1206,679,triangle
m876.obj,RectangleTable,52,44,triangle
m901.obj,RectangleTable,360,190,triangle
m915.obj,RectangleTable,60,40,triangle
m886.obj,RectangleTable,2432,996,triangle
D00302.obj,RectangleTable,216,134,triangle
m764.obj,RectangleTable,121,72,triangle
D00230.obj,RectangleTable,6676,3713,triangle
m906.obj,RectangleTable,312,178,triangle
D00317.obj,RectangleTable,2706,1042,triangle
m877.obj,RectangleTable,84,56,triangle
m878.obj,RectangleTable,534,320,triangle
D00188.obj,RectangleTable,120,240,triangle
m870.obj,RectangleTable,92,48,triangle
D00571.obj,RectangleTable,2409,1245,triangle
m890.obj,RectangleTable,979,508,triangle
D00418.obj,RectangleTable,6267,2003,triangle
m892.obj,RectangleTable,288,174,triangle
m763.obj,RectangleTable,136,116,triangle
m883.obj,RectangleTable,172,96,triangle
m887.obj,RectangleTable,616,340,triangle
m904.obj,RectangleTable,152,128,triangle
m879.obj,RectangleTable,556,276,triangle
m872.obj,RectangleTable,4413,2229,triangle
m765.obj,RectangleTable,1726,1005,triangle
m896.obj,RectangleTable,160,144,triangle
m891.obj,RectangleTable,360,190,triangle
D00954.obj,RectangleTable,1052,652,triangle
m898.obj,RectangleTable,348,288,triangle
m917.obj,RectangleTable,172,96,triangle
m908.obj,RectangleTable,348,288,triangle
D00766.obj,RectangleTable,8352,2973,triangle
D00603.obj,RectangleTable,13672,7282,triangle
m902.obj,RectangleTable,372,198,triangle
m881.obj,RectangleTable,86,60,triangle
m914.obj,RectangleTable,956,576,triangle
D00421.obj,RectangleTable,166,99,triangle
m910.obj,RectangleTable,1136,352,triangle
m919.obj,RectangleTable,124,78,triangle
D00339.obj,Monitor,2375,1396,triangle
D00007.obj,Monitor,2568,1552,triangle
D00978.obj,Monitor,33161,16566,triangle
D00919.obj,Monitor,2118,1551,triangle
D00915.obj,Monitor,9779,5124,triangle
D00920.obj,Monitor,908,1315,triangle
D00548.obj,Monitor,883,464,triangle
D00659.obj,Monitor,294,171,triangle
D00387.obj,Monitor,37916,20399,triangle
D00141.obj,Monitor,3200,1712,triangle
D00444.obj,Monitor,19638,10283,triangle
D00412.obj,Monitor,4890,3149,triangle
D00336.obj,Monitor,15561,9494,triangle
D00852.obj,Monitor,11989,6196,triangle
D00469.obj,Monitor,444,230,triangle
D00863.obj,Monitor,39768,21122,triangle
D01000.obj,Monitor,35688,29914,triangle
D00391.obj,Monitor,3488,1812,triangle
D00229.obj,Monitor,4986,2929,triangle
D00364.obj,Monitor,30258,14887,triangle
m1679.obj,Sign,786,417,triangle
m1674.obj,Sign,78,50,triangle
m1672.obj,Sign,299,231,triangle
m1685.obj,Sign,1344,760,triangle
m1676.obj,Sign,8034,4031,triangle
m1680.obj,Sign,708,360,triangle
m1682.obj,Sign,8804,4492,triangle
m1670.obj,Sign,217,221,triangle
m1678.obj,Sign,1021,642,triangle
m1675.obj,Sign,52,40,triangle
m1681.obj,Sign,13032,6540,triangle
m1684.obj,Sign,76,44,triangle
m1673.obj,Sign,86,80,triangle
m1683.obj,Sign,5896,3000,triangle
m1671.obj,Sign,113,119,triangle
m1369.obj,Starship,1720,1004,triangle
m1359.obj,Starship,508,265,triangle
m1355.obj,Starship,13354,7730,triangle
m1362.obj,Starship,22912,13685,triangle
m1383.obj,Starship,31296,8722,triangle
m1372.obj,Starship,6344,3366,triangle
m1382.obj,Starship,14044,7006,triangle
m1386.obj,Starship,3384,1707,triangle
m1361.obj,Starship,2008,1038,triangle
m1370.obj,Starship,3401,1748,triangle
m1373.obj,Starship,11592,6098,triangle
m1366.obj,Starship,1067,568,triangle
m1385.obj,Starship,20663,11132,triangle
m1376.obj,Starship,944,467,triangle
m1384.obj,Starship,7365,3820,triangle
m1381.obj,Starship,27965,14225,triangle
m1360.obj,Starship,4231,2904,triangle
m1371.obj,Starship,2542,1558,triangle
m1378.obj,Starship,3804,2059,triangle
m1354.obj,Starship,11368,5724,triangle
m1374.obj,Starship,15507,8080,triangle
m1353.obj,Starship,4147,2124,triangle
m1365.obj,Starship,1196,718,triangle
m1364.obj,Starship,18139,9018,triangle
m1379.obj,Starship,1858,1018,triangle
m1368.obj,Starship,59739,31275,triangle
m1357.obj,Starship,32216,9664,triangle
m1375.obj,Starship,3380,1694,triangle
m1380.obj,Starship,20996,11926,triangle
m1356.obj,Starship,3301,1946,triangle
m1358.obj,Starship,1989,1196,triangle
D00620.obj,Violin,4653,771,triangle
D00598.obj,Violin,43521,6831,triangle
D00358.obj,Violin,48261,7592,triangle
D00675.obj,Violin,25794,4149,triangle
D00743.obj,Violin,3018,466,triangle
D00250.obj,Violin,29310,4066,triangle
D00340.obj,Violin,27552,4315,triangle
D00704.obj,Violin,4173,799,triangle
D00701.obj,Violin,13341,2198,triangle
D00570.obj,Violin,11481,2297,triangle
D00324.obj,Violin,15021,2454,triangle
D00993.obj,Violin,46929,7350,triangle
D00376.obj,Violin,6219,1069,triangle
D00891.obj,Violin,12369,1959,triangle
D00108.obj,Violin,8214,1529,triangle
D00216.obj,Violin,24384,3864,triangle
D00506.obj,Violin,14943,2841,triangle
D00898.obj,Violin,41214,7672,triangle
D00602.obj,Violin,22923,3627,triangle
D00349.obj,Violin,7410,1299,triangle
D00192.obj,Cellphone,2380,1230,triangle
D00079.obj,Cellphone,36972,20212,triangle
D00559.obj,Cellphone,5956,3120,triangle
D00979.obj,Cellphone,5956,3120,triangle
D00032.obj,Cellphone,2481,3500,triangle
D00527.obj,Cellphone,16102,8796,triangle
D00554.obj,Cellphone,14376,14822,triangle
D00152.obj,Cellphone,74103,44041,triangle
D00902.obj,Cellphone,4580,2408,triangle
D00362.obj,Cellphone,53829,29805,triangle
D00848.obj,Cellphone,18396,9745,triangle
D00542.obj,Cellphone,59840,16185,triangle
D00369.obj,Cellphone,1735,926,triangle
D00327.obj,Cellphone,11987,6318,triangle
D00018.obj,Cellphone,26960,14103,triangle
D00440.obj,Cellphone,1422,763,triangle
D00248.obj,Cellphone,11460,5754,triangle
D00312.obj,Cellphone,644,1012,triangle
D00817.obj,Cellphone,9766,5206,triangle
D00997.obj,Cellphone,8564,4796,triangle
m35.obj,Bird,1394,699,triangle
m30.obj,Bird,800,390,triangle
D00599.obj,Bird,3626,1792,triangle
m34.obj,Bird,462,233,triangle
D00113.obj,Bird,31702,15871,triangle
m43.obj,Bird,54,41,triangle
m47.obj,Bird,165,101,triangle
m49.obj,Bird,4364,2329,triangle
D00736.obj,Bird,7898,3947,triangle
m28.obj,Bird,11660,6076,triangle
D00689.obj,Bird,5388,2683,triangle
m45.obj,Bird,33072,16542,triangle
m33.obj,Bird,6164,3144,triangle
D00234.obj,Bird,2468,1247,triangle
D00438.obj,Bird,3709,1824,triangle
D00762.obj,Bird,1896,950,triangle
m40.obj,Bird,5390,2684,triangle
m51.obj,Bird,598,309,triangle
D00999.obj,Bird,744,373,triangle
D00323.obj,Bird,364,260,triangle
D00442.obj,Bird,17119,9745,triangle
m42.obj,Bird,265,116,triangle
D00271.obj,Bird,24753,12813,triangle
D00922.obj,Bird,1794,903,triangle
D00164.obj,Bird,16135,8188,triangle
D00546.obj,Bird,2012,1162,triangle
m36.obj,Bird,2503,1289,triangle
m39.obj,Bird,1156,649,triangle
m29.obj,Bird,5878,2972,triangle
D00089.obj,Bird,462,233,triangle
D00862.obj,Bird,1507,757,triangle
m31.obj,Bird,3548,1802,triangle
m37.obj,Bird,1130,567,triangle
D00625.obj,Bird,1398,1091,triangle
m41.obj,Bird,3709,1824,triangle
m50.obj,Bird,182,93,triangle
m32.obj,Bird,2246,1129,triangle
m52.obj,Bird,560,294,triangle
D00284.obj,Bird,26516,13253,triangle
m48.obj,Bird,824,427,triangle
m38.obj,Bird,928,464,triangle
m44.obj,Bird,798,401,triangle
D00386.obj,Bird,3498,1751,triangle
D00961.obj,Bird,2734,1344,triangle
D00608.obj,TruckNonContainer,39882,7112,triangle
D00699.obj,TruckNonContainer,34131,5071,triangle
D00731.obj,TruckNonContainer,37590,4918,triangle
D00783.obj,TruckNonContainer,30654,5246,triangle
D00143.obj,TruckNonContainer,30261,3622,triangle
D00055.obj,TruckNonContainer,45843,7636,triangle
D00943.obj,TruckNonContainer,45708,8852,triangle
D00283.obj,TruckNonContainer,34398,6979,triangle
D00619.obj,TruckNonContainer,31575,5231,triangle
D00267.obj,TruckNonContainer,36387,6035,triangle
D00572.obj,TruckNonContainer,33006,4657,triangle
D00553.obj,TruckNonContainer,42048,7248,triangle
D00879.obj,TruckNonContainer,25308,4278,triangle
D00148.obj,TruckNonContainer,14064,2448,triangle
D00275.obj,TruckNonContainer,32640,5510,triangle
D00737.obj,TruckNonContainer,13452,2578,triangle
D00266.obj,TruckNonContainer,39423,6898,triangle
D00215.obj,TruckNonContainer,23541,4409,triangle
D00353.obj,TruckNonContainer,72831,11914,triangle
D00252.obj,TruckNonContainer,13668,2288,triangle
m727.obj,Knife,1346,681,triangle
D01119.obj,Knife,654,113,triangle
m726.obj,Knife,817,417,triangle
D01187.obj,Knife,1974,422,triangle
D01189.obj,Knife,846,131,triangle
D01015.obj,Knife,6330,886,triangle
m724.obj,Knife,516,262,triangle
m723.obj,Knife,10136,5076,triangle
D01107.obj,Knife,5823,976,triangle
D01063.obj,Knife,5346,885,triangle
m728.obj,Knife,818,463,triangle
D01175.obj,Knife,498,87,triangle
m722.obj,Knife,1520,812,triangle
D01051.obj,Knife,4839,683,triangle
D01120.obj,Knife,798,132,triangle
D01054.obj,Knife,780,130,triangle
D01168.obj,Knife,4152,692,triangle
D01032.obj,Knife,3336,560,triangle
D01174.obj,Knife,4794,808,triangle
D01150.obj,Knife,1704,287,triangle
D01077.obj,Knife,1980,334,triangle
D01160.obj,Knife,1686,270,triangle
D01025.obj,Knife,1314,208,triangle
m725.obj,Knife,516,262,triangle
D01132.obj,Knife,5913,1058,triangle
D01075.obj,Knife,4374,726,triangle
D01057.obj,Knife,1146,184,triangle
D00382.obj,ComputerKeyboard,40758,8346,triangle
D00676.obj,ComputerKeyboard,42939,7956,triangle
D00600.obj,ComputerKeyboard,10497,1837,triangle
D00990.obj,ComputerKeyboard,9150,1646,triangle
D00197.obj,ComputerKeyboard,38268,6987,triangle
D00569.obj,ComputerKeyboard,2076,348,triangle
D00805.obj,ComputerKeyboard,40641,6954,triangle
D00278.obj,ComputerKeyboard,5118,1043,triangle
D00127.obj,ComputerKeyboard,3360,706,triangle
D00627.obj,ComputerKeyboard,38160,6564,triangle
D00525.obj,ComputerKeyboard,26043,8309,triangle
D00692.obj,ComputerKeyboard,31218,4176,triangle
D00116.obj,ComputerKeyboard,4113,805,triangle
D00420.obj,ComputerKeyboard,45807,11072,triangle
D00673.obj,ComputerKeyboard,4008,1002,triangle
D00360.obj,ComputerKeyboard,35826,6193,triangle
D00905.obj,ComputerKeyboard,7680,1282,triangle
D00597.obj,ComputerKeyboard,50064,8460,triangle
D00493.obj,ComputerKeyboard,7944,1300,triangle
D00654.obj,ComputerKeyboard,7401,1179,triangle
D00846.obj,WheelChair,17196,8834,triangle
D00782.obj,WheelChair,1940,1144,triangle
D00203.obj,WheelChair,1719,867,triangle
D00070.obj,WheelChair,16832,8476,triangle
D00604.obj,WheelChair,1527,986,triangle
D00365.obj,WheelChair,14412,7244,triangle
D00394.obj,WheelChair,58292,36064,triangle
D00453.obj,WheelChair,1012,709,triangle
D00628.obj,WheelChair,45128,29552,triangle
D00687.obj,WheelChair,16268,8188,triangle
D00720.obj,WheelChair,83378,43966,triangle
D00274.obj,WheelChair,3167,2012,triangle
D00526.obj,WheelChair,1232,679,triangle
D00449.obj,WheelChair,42060,27053,triangle
D00290.obj,WheelChair,9882,5009,triangle
D00183.obj,WheelChair,5646,3475,triangle
D00004.obj,WheelChair,47752,27581,triangle
D00088.obj,WheelChair,53400,26911,triangle
D00821.obj,WheelChair,16268,8188,triangle
D00499.obj,WheelChair,4077,2362,triangle
m491.obj,Bottle,997,544,triangle
D00959.obj,Bottle,892,479,triangle
m483.obj,Bottle,620,371,triangle
m482.obj,Bottle,950,542,triangle
D00711.obj,Bottle,336,192,triangle
D00020.obj,Bottle,1710,971,triangle
D00347.obj,Bottle,4438,2426,triangle
m486.obj,Bottle,3894,2101,triangle
m492.obj,Bottle,724,360,triangle
D00451.obj,Bottle,18236,11448,triangle
m484.obj,Bottle,888,460,triangle
D00311.obj,Bottle,1448,829,triangle
D00208.obj,Bottle,3640,2000,triangle
D00726.obj,Bottle,18390,10163,triangle
m485.obj,Bottle,936,526,triangle
D00716.obj,Bottle,856,446,triangle
D00176.obj,Bottle,14272,7138,triangle
m488.obj,Bottle,284,144,triangle
m489.obj,Bottle,1055,558,triangle
m487.obj,Bottle,290,133,triangle
D00940.obj,Bottle,1242,737,triangle
D00350.obj,Bottle,921,569,triangle
D00892.obj,Bottle,4940,2474,triangle
D00281.obj,Bottle,1764,1304,triangle
D00166.obj,Bottle,45936,23142,triangle
D00679.obj,Bottle,23052,12640,triangle
D00123.obj,Bottle,2044,1067,triangle
m490.obj,Bottle,1075,574,triangle
D00390.obj,Bottle,2742,1499,triangle
D00696.obj,Bottle,25850,13754,triangle
D00139.obj,Bottle,4860,2452,triangle
m1012.obj,PlantIndoors,4292,2950,triangle
m1027.obj,PlantIndoors,5054,3855,triangle
m1031.obj,PlantIndoors,1284,729,triangle
D00595.obj,PlantIndoors,20208,60624,triangle
m1030.obj,PlantIndoors,692,395,triangle
m1020.obj,PlantIndoors,30014,18348,triangle
m1007.obj,PlantIndoors,8864,7930,triangle
m1011.obj,PlantIndoors,10680,7529,triangle
D00128.obj,PlantIndoors,21622,64866,triangle
D00968.obj,PlantIndoors,11604,34812,triangle
m991.obj,PlantIndoors,6370,4867,triangle
m996.obj,PlantIndoors,1129,623,triangle
m1005.obj,PlantIndoors,19610,17834,triangle
D00370.obj,PlantIndoors,8928,26784,triangle
m1009.obj,PlantIndoors,6764,5348,triangle
m1034.obj,PlantIndoors,426,228,triangle
m1032.obj,PlantIndoors,156,96,triangle
m1010.obj,PlantIndoors,7196,6257,triangle
m1015.obj,PlantIndoors,2111,1325,triangle
m1003.obj,PlantIndoors,10544,8453,triangle
m1021.obj,PlantIndoors,11540,7641,triangle
D00609.obj,PlantIndoors,10794,32382,triangle
D00049.obj,PlantIndoors,26096,78288,triangle
m993.obj,PlantIndoors,320,220,triangle
m1025.obj,PlantIndoors,10794,6696,triangle
m1013.obj,PlantIndoors,7424,6365,triangle
D00073.obj,PlantIndoors,16648,49944,triangle
D00379.obj,PlantIndoors,10608,31824,triangle
D00800.obj,PlantIndoors,17421,52263,triangle
D00491.obj,PlantIndoors,30052,20165,triangle
m1000.obj,PlantIndoors,26032,19105,triangle
m1014.obj,PlantIndoors,20144,16404,triangle
m1029.obj,PlantIndoors,548,316,triangle
m1033.obj,PlantIndoors,480,197,triangle
m994.obj,PlantIndoors,454,395,triangle
m1008.obj,PlantIndoors,7952,5383,triangle
m1035.obj,PlantIndoors,3360,1787,triangle
D00466.obj,PlantIndoors,3300,9900,triangle
m997.obj,PlantIndoors,723,695,triangle
m989.obj,PlantIndoors,1024,1027,triangle
m992.obj,PlantIndoors,644,491,triangle
m1001.obj,PlantIndoors,16584,11431,triangle
D00667.obj,PlantIndoors,2064,1523,triangle
m1026.obj,PlantIndoors,2064,1522,triangle
D00657.obj,PlantIndoors,7624,5801,triangle
m1017.obj,PlantIndoors,20016,13312,triangle
m998.obj,PlantIndoors,478,318,triangle
m999.obj,PlantIndoors,1277,1235,triangle
m1016.obj,PlantIndoors,7909,5307,triangle
m995.obj,PlantIndoors,8448,7323,triangle
D00622.obj,PlantIndoors,20094,60282,triangle
D00280.obj,PlantIndoors,10914,32742,triangle
m1036.obj,PlantIndoors,401,234,triangle
m1006.obj,PlantIndoors,25760,16333,triangle
D00087.obj,PlantIndoors,5054,3855,triangle
m1023.obj,PlantIndoors,3236,2659,triangle
m990.obj,PlantIndoors,644,491,triangle
m1022.obj,PlantIndoors,10842,7882,triangle
D00080.obj,PlantIndoors,34887,64127,triangle
D00238.obj,PlantIndoors,30078,90234,triangle
D00159.obj,PlantIndoors,32752,98256,triangle
D00624.obj,PlantIndoors,15162,45486,triangle
m1018.obj,PlantIndoors,15091,11666,triangle
m1004.obj,PlantIndoors,17357,13242,triangle
m1002.obj,PlantIndoors,10184,8260,triangle
D00462.obj,Bicycle,111471,56754,triangle
D00555.obj,Bicycle,64544,34364,triangle
D00708.obj,Bicycle,44110,22495,triangle
m1477.obj,Bicycle,44727,22682,triangle
m1476.obj,Bicycle,916,436,triangle
m1478.obj,Bicycle,5049,2769,triangle
D00750.obj,Bicycle,5484,3053,triangle
D00931.obj,Bicycle,64230,32603,triangle
D00514.obj,Bicycle,12939,6951,triangle
D00930.obj,Bicycle,57224,29173,triangle
D00838.obj,Bicycle,45925,23397,triangle
D00077.obj,Bicycle,32265,16416,triangle
D00567.obj,Bicycle,916,436,triangle
D00536.obj,Bicycle,60488,30832,triangle
D00558.obj,Bicycle,37661,19417,triangle
D00974.obj,Bicycle,12065,6045,triangle
D00847.obj,Bicycle,44707,22672,triangle
D00040.obj,Bicycle,50650,25426,triangle
m1473.obj,Bicycle,4448,2192,triangle
m1472.obj,Bicycle,846,524,triangle
D00904.obj,Bicycle,10548,5354,triangle
D00033.obj,Bicycle,4448,2192,triangle
D00016.obj,Bicycle,5049,2769,triangle
D00621.obj,Bicycle,5049,2769,triangle
m1475.obj,Bicycle,12065,6049,triangle
D00078.obj,Bicycle,44740,22674,triangle
m501.obj,Cup,2000,1072,triangle
D00843.obj,Cup,16832,9127,triangle
m500.obj,Cup,138,71,triangle
m526.obj,Cup,226,120,triangle
D00642.obj,Cup,3036,1686,triangle
D00355.obj,Cup,14224,7114,triangle
D00550.obj,Cup,24928,13747,triangle
m499.obj,Cup,636,339,triangle
D00270.obj,Cup,5022,2687,triangle
D00214.obj,Cup,786,395,triangle
m502.obj,Cup,1500,752,triangle
D00882.obj,Cup,3102,1553,triangle
D00519.obj,Cup,888,856,triangle
m497.obj,Cup,6012,3008,triangle
D00174.obj,Cup,24500,12252,triangle
D00463.obj,Cup,9420,4710,triangle
D00067.obj,Cup,702,353,triangle
D00874.obj,Cup,3748,2296,triangle
D00638.obj,Cup,13568,6786,triangle
D00328.obj,Cup,5231,2827,triangle
m494.obj,Cup,1536,770,triangle
D00457.obj,Cup,21740,10872,triangle
m498.obj,Cup,720,380,triangle
D00035.obj,Cup,884,235,triangle
m496.obj,Cup,1000,502,triangle
D00206.obj,Cup,3770,2092,triangle
m495.obj,Cup,2750,1401,triangle
D00587.obj,Cup,14200,7102,triangle
D00363.obj,Cup,6976,5433,triangle
D00738.obj,Cup,20331,10318,triangle
m866.obj,Shelf,274,221,triangle
m855.obj,Shelf,44,46,triangle
m864.obj,Shelf,406,323,triangle
m859.obj,Shelf,4716,2556,triangle
m851.obj,Shelf,120,68,triangle
m852.obj,Shelf,228,104,triangle
m858.obj,Shelf,28,48,triangle
D00057.obj,Shelf,6900,9850,triangle
m846.obj,Shelf,2098,1101,triangle
D00725.obj,Shelf,8126,5831,triangle
m844.obj,Shelf,324,200,triangle
m865.obj,Shelf,318,255,triangle
D00956.obj,Shelf,173,122,triangle
D00337.obj,Shelf,2806,1628,triangle
D00468.obj,Shelf,1684,960,triangle
D00352.obj,Shelf,254,129,triangle
D00691.obj,Shelf,5004,5210,triangle
D00074.obj,Shelf,1872,1903,triangle
m857.obj,Shelf,168,112,triangle
m861.obj,Shelf,232,150,triangle
m847.obj,Shelf,244,158,triangle
m856.obj,Shelf,96,64,triangle
D00887.obj,Shelf,404,261,triangle
m862.obj,Shelf,1024,544,triangle
D00631.obj,Shelf,10712,6295,triangle
D00129.obj,Shelf,684,1207,triangle
m845.obj,Shelf,88,60,triangle
D00242.obj,Shelf,3584,1874,triangle
m868.obj,Shelf,180,112,triangle
m860.obj,Shelf,84,56,triangle
D00198.obj,Shelf,2068,2064,triangle
m854.obj,Shelf,204,96,triangle
m849.obj,Shelf,192,128,triangle
D00818.obj,Shelf,2298,1872,triangle
m863.obj,Shelf,362,289,triangle
D00881.obj,Shelf,400,249,triangle
m850.obj,Shelf,300,184,triangle
m853.obj,Shelf,228,100,triangle
D00171.obj,Shelf,2716,1505,triangle
D00592.obj,Shelf,106,74,triangle
D00772.obj,Shelf,306,202,triangle
D00917.obj,Shelf,4162,2452,triangle
D00781.obj,Shelf,6260,4773,triangle
m1430.obj,Ship,1032,774,triangle
m1471.obj,Ship,3552,2511,triangle
D00247.obj,Ship,10530,6122,triangle
m1435.obj,Ship,4887,4241,triangle
D00949.obj,Ship,3668,2547,triangle
m1442.obj,Ship,12554,6859,triangle
D00467.obj,Ship,5504,5062,triangle
m1468.obj,Ship,684,467,triangle
m1439.obj,Ship,848,428,triangle
m1448.obj,Ship,328,182,triangle
D00027.obj,Ship,4887,4202,triangle
m1434.obj,Ship,1077,600,triangle
m1446.obj,Ship,10530,6122,triangle
m1466.obj,Ship,18939,9736,triangle
m1462.obj,Ship,9500,4916,triangle
m1460.obj,Ship,9510,4892,triangle
D00429.obj,Ship,36405,19361,triangle
D00935.obj,Ship,200,124,triangle
m1427.obj,Ship,1084,757,triangle
m1457.obj,Ship,4485,2333,triangle
D00042.obj,Ship,3816,2275,triangle
D00292.obj,Ship,4887,4340,triangle
D00543.obj,Ship,14375,7537,triangle
D00539.obj,Ship,41981,23858,triangle
m1451.obj,Ship,1498,775,triangle
D00647.obj,Ship,3374,1713,triangle
m1432.obj,Ship,822,573,triangle
m1431.obj,Ship,960,674,triangle
m1429.obj,Ship,1039,749,triangle
m1450.obj,Ship,156,98,triangle
D00175.obj,Ship,26994,13725,triangle
D00791.obj,Ship,4887,4200,triangle
m1444.obj,Ship,11722,6251,triangle
m1438.obj,Ship,2454,1309,triangle
m1441.obj,Ship,4116,3153,triangle
D00837.obj,Ship,10530,6122,triangle
m1440.obj,Ship,5977,4230,triangle
m1464.obj,Ship,5534,2873,triangle
m1463.obj,Ship,1236,629,triangle
m1428.obj,Ship,1083,817,triangle
m1437.obj,Ship,930,658,triangle
D00099.obj,Ship,672,374,triangle
m1458.obj,Ship,4698,2509,triangle
m1452.obj,Ship,1452,776,triangle
D00907.obj,Ship,18338,21442,triangle
m1467.obj,Ship,1076,574,triangle
m1436.obj,Ship,3340,1704,triangle
m1453.obj,Ship,15870,7994,triangle
m1433.obj,Ship,1227,926,triangle
m1454.obj,Ship,598,325,triangle
m1456.obj,Ship,924,497,triangle
m1469.obj,Ship,3176,1724,triangle
m1459.obj,Ship,531,331,triangle
D00771.obj,Ship,65300,33376,triangle
m1461.obj,Ship,23024,12526,triangle
D00896.obj,Ship,9542,4991,triangle
D00258.obj,Ship,10781,9284,triangle
m1449.obj,Ship,660,330,triangle
m1447.obj,Ship,6000,3189,triangle
D00809.obj,Ship,80272,40714,triangle
m1470.obj,Ship,270,145,triangle
m1465.obj,Ship,10583,6923,triangle
m1455.obj,Ship,576,314,triangle
D00024.obj,Fish,6672,3952,triangle
D00682.obj,Fish,6672,3980,triangle
D00030.obj,Fish,6304,3760,triangle
D00012.obj,Fish,6966,4240,triangle
D00950.obj,Fish,5798,3427,triangle
D00535.obj,Fish,6652,3934,triangle
D00142.obj,Fish,5286,3048,triangle
D00351.obj,Fish,5549,3206,triangle
D00398.obj,Fish,6412,3820,triangle
D00850.obj,Fish,7318,4382,triangle
D00251.obj,Fish,6628,4006,triangle
D00748.obj,Fish,8098,5046,triangle
D00763.obj,Fish,6824,4122,triangle
D00633.obj,Fish,6334,3712,triangle
D00022.obj,Fish,6524,3912,triangle
D00636.obj,Fish,5704,3374,triangle
D00450.obj,Fish,6348,3784,triangle
D00293.obj,Fish,6838,4072,triangle
D00643.obj,Fish,6526,3928,triangle
D00165.obj,Fish,7130,4264,triangle
D00181.obj,PianoBoard,47613,9628,triangle
D00623.obj,PianoBoard,32637,5694,triangle
D00212.obj,PianoBoard,33984,3238,triangle
D00008.obj,PianoBoard,12900,2078,triangle
D00718.obj,PianoBoard,4110,797,triangle
D00104.obj,PianoBoard,7125,1281,triangle
D00966.obj,PianoBoard,5970,2105,triangle
D00755.obj,PianoBoard,49260,8133,triangle
D00962.obj,PianoBoard,4866,793,triangle
D00381.obj,PianoBoard,5196,735,triangle
D00235.obj,PianoBoard,10020,1616,triangle
D00253.obj,PianoBoard,4338,719,triangle
D00885.obj,PianoBoard,38235,6622,triangle
D00441.obj,PianoBoard,3234,538,triangle
D00721.obj,PianoBoard,7260,1228,triangle
D00122.obj,PianoBoard,10977,1934,triangle
D00075.obj,PianoBoard,7779,1309,triangle
D00065.obj,PianoBoard,6072,1178,triangle
D00332.obj,PianoBoard,1578,454,triangle
D00460.obj,PianoBoard,4500,754,triangle
D00130.obj,Skyscraper,1672,1036,triangle
D00641.obj,Skyscraper,4363,3299,triangle
D00520.obj,Skyscraper,52041,51730,triangle
D00532.obj,Skyscraper,26932,19283,triangle
D00058.obj,Skyscraper,53448,73697,triangle
D00664.obj,Skyscraper,12812,10076,triangle
D00059.obj,Skyscraper,6932,12771,triangle
D00105.obj,Skyscraper,16159,8334,triangle
D00998.obj,Skyscraper,5942,4708,triangle
D00872.obj,Skyscraper,668,365,triangle
D00584.obj,Skyscraper,28622,28864,triangle
D00729.obj,Skyscraper,50113,51011,triangle
D00259.obj,Skyscraper,57938,50449,triangle
D00300.obj,Skyscraper,10967,6372,triangle
D00822.obj,Skyscraper,16987,10054,triangle
D00870.obj,Skyscraper,50778,65343,triangle
D00126.obj,Skyscraper,38308,39975,triangle
D00125.obj,Skyscraper,16194,18704,triangle
D00589.obj,Skyscraper,10976,6372,triangle
D00006.obj,Skyscraper,54489,48737,triangle
m720.obj,Sword,620,318,triangle
m712.obj,Sword,9314,4890,triangle
m688.obj,Sword,3938,1977,triangle
m695.obj,Sword,19712,9880,triangle
m707.obj,Sword,8628,4325,triangle
D00195.obj,Sword,2976,1429,triangle
m694.obj,Sword,5667,2903,triangle
D00177.obj,Sword,10136,5076,triangle
m703.obj,Sword,1100,588,triangle
D00071.obj,Sword,21800,10920,triangle
m692.obj,Sword,12652,3694,triangle
m701.obj,Sword,1900,960,triangle
m719.obj,Sword,1228,624,triangle
m721.obj,Sword,530,275,triangle
D00807.obj,Sword,648,176,triangle
D00712.obj,Sword,602,327,triangle
D00916.obj,Sword,7470,2993,triangle
m715.obj,Sword,11609,5548,triangle
m709.obj,Sword,13168,6598,triangle
D00356.obj,Sword,6142,5012,triangle
m713.obj,Sword,2000,1023,triangle
m687.obj,Sword,1504,800,triangle
m700.obj,Sword,1504,800,triangle
m691.obj,Sword,16488,8583,triangle
D00133.obj,Sword,26446,13257,triangle
D00149.obj,Sword,344,190,triangle
m714.obj,Sword,1036,526,triangle
m698.obj,Sword,7505,3949,triangle
D00513.obj,Sword,7297,4136,triangle
D00540.obj,Sword,10922,8181,triangle
D00812.obj,Sword,12652,3694,triangle
m710.obj,Sword,21764,10936,triangle
m704.obj,Sword,812,408,triangle
m699.obj,Sword,1112,557,triangle
m696.obj,Sword,11609,5548,triangle
D00066.obj,Sword,21764,18993,triangle
m717.obj,Sword,37283,18888,triangle
m690.obj,Sword,368,180,triangle
D00249.obj,Sword,30816,15478,triangle
m716.obj,Sword,9573,4757,triangle
D00808.obj,Sword,3110,1787,triangle
m711.obj,Sword,17701,9457,triangle
D00484.obj,Sword,13168,6873,triangle
m718.obj,Sword,710,361,triangle
D00635.obj,Sword,1238,725,triangle
m693.obj,Sword,259,196,triangle
m697.obj,Sword,1036,526,triangle
D00992.obj,Sword,11648,5872,triangle
m702.obj,Sword,2000,1005,triangle
m689.obj,Sword,360,178,triangle
m705.obj,Sword,15768,7910,triangle
D00906.obj,Sword,29204,14621,triangle
D00162.obj,Sword,2296,1150,triangle
m364.obj,HumanHead,465,263,triangle
m345.obj,HumanHead,4801,2687,triangle
m342.obj,HumanHead,2688,1543,triangle
m356.obj,HumanHead,1380,692,triangle
m367.obj,HumanHead,1852,977,triangle
D00487.obj,HumanHead,19092,3224,triangle
m351.obj,HumanHead,1646,882,triangle
D00629.obj,HumanHead,19104,3490,triangle
m350.obj,HumanHead,3946,2034,triangle
D00434.obj,HumanHead,24864,4296,triangle
m353.obj,HumanHead,15788,7896,triangle
D00072.obj,HumanHead,31161,5284,triangle
D00758.obj,HumanHead,5589,959,triangle
m355.obj,HumanHead,34712,17358,triangle
m361.obj,HumanHead,557,295,triangle
m370.obj,HumanHead,10543,5641,triangle
D00061.obj,HumanHead,13146,5119,triangle
m358.obj,HumanHead,2260,1173,triangle
m368.obj,HumanHead,5728,2991,triangle
m352.obj,HumanHead,1197,664,triangle
m346.obj,HumanHead,919,484,triangle
D00566.obj,HumanHead,11118,1919,triangle
D00578.obj,HumanHead,47469,7968,triangle
m369.obj,HumanHead,19492,9843,triangle
m360.obj,HumanHead,536,270,triangle
D00131.obj,HumanHead,30666,5161,triangle
m354.obj,HumanHead,426,216,triangle
D00013.obj,HumanHead,30981,5244,triangle
m348.obj,HumanHead,18008,9166,triangle
m365.obj,HumanHead,35328,17666,triangle
D00610.obj,HumanHead,26382,4503,triangle
D00653.obj,HumanHead,17058,2885,triangle
D00690.obj,HumanHead,28086,5253,triangle
m362.obj,HumanHead,360,186,triangle
m359.obj,HumanHead,615,314,triangle
m363.obj,HumanHead,3604,1884,triangle
m366.obj,HumanHead,5951,3009,triangle
m349.obj,HumanHead,51801,26749,triangle
m344.obj,HumanHead,3564,1996,triangle
m343.obj,HumanHead,3747,1984,triangle
m340.obj,HumanHead,2790,1426,triangle
D00488.obj,HumanHead,37047,6211,triangle
m341.obj,HumanHead,3604,1884,triangle
D00910.obj,HumanHead,8028,3258,triangle
D00313.obj,HumanHead,36864,6146,triangle
m347.obj,HumanHead,2070,906,triangle
D00984.obj,HumanHead,13848,2319,triangle
D00205.obj,HumanHead,6816,1394,triangle
D00106.obj,HumanHead,31296,5276,triangle
D00591.obj,HumanHead,30336,5167,triangle
m357.obj,HumanHead,384,193,triangle
m745.obj,Wheel,1660,830,triangle
m738.obj,Wheel,700,413,triangle
m741.obj,Wheel,1422,722,triangle
m742.obj,Wheel,508,256,triangle
m734.obj,Wheel,1816,1396,triangle
m749.obj,Wheel,315,160,triangle
m736.obj,Wheel,972,504,triangle
m740.obj,Wheel,7556,4352,triangle
m748.obj,Wheel,2490,1247,triangle
m739.obj,Wheel,1624,794,triangle
m746.obj,Wheel,128,80,triangle
m735.obj,Wheel,1400,720,triangle
m733.obj,Wheel,1296,648,triangle
m747.obj,Wheel,252,128,triangle
m737.obj,Wheel,7110,3783,triangle
m744.obj,Wheel,7442,3721,triangle
m743.obj,Wheel,1020,512,triangle
m382.obj,BuildingNonResidential,400,252,triangle
m479.obj,BuildingNonResidential,1056,648,triangle
m470.obj,BuildingNonResidential,28562,14464,triangle
m394.obj,BuildingNonResidential,1246,750,triangle
m395.obj,BuildingNonResidential,696,630,triangle
m474.obj,BuildingNonResidential,2670,1361,triangle
m396.obj,BuildingNonResidential,470,445,triangle
m385.obj,BuildingNonResidential,918,674,triangle
m412.obj,BuildingNonResidential,2820,1990,triangle
m393.obj,BuildingNonResidential,326,241,triangle
m390.obj,BuildingNonResidential,45,40,triangle
m383.obj,BuildingNonResidential,4460,2328,triangle
m421.obj,BuildingNonResidential,11000,6853,triangle
m416.obj,BuildingNonResidential,13542,7056,triangle
m402.obj,BuildingNonResidential,41661,21288,triangle
m407.obj,BuildingNonResidential,404,229,triangle
m404.obj,BuildingNonResidential,2752,1054,triangle
m384.obj,BuildingNonResidential,4686,2984,triangle
m477.obj,BuildingNonResidential,1708,1047,triangle
m413.obj,BuildingNonResidential,7282,3749,triangle
m414.obj,BuildingNonResidential,1944,1056,triangle
m420.obj,BuildingNonResidential,12960,7226,triangle
m389.obj,BuildingNonResidential,5100,2509,triangle
m481.obj,BuildingNonResidential,760,473,triangle
m406.obj,BuildingNonResidential,13892,7328,triangle
m398.obj,BuildingNonResidential,936,498,triangle
m401.obj,BuildingNonResidential,13373,6936,triangle
m478.obj,BuildingNonResidential,2980,1750,triangle
m405.obj,BuildingNonResidential,41835,21009,triangle
m386.obj,BuildingNonResidential,1008,532,triangle
m397.obj,BuildingNonResidential,2680,1362,triangle
m391.obj,BuildingNonResidential,274,246,triangle
m475.obj,BuildingNonResidential,178,112,triangle
m392.obj,BuildingNonResidential,80,33,triangle
m410.obj,BuildingNonResidential,2076,1217,triangle
m387.obj,BuildingNonResidential,1668,844,triangle
m418.obj,BuildingNonResidential,2836,1576,triangle
m400.obj,BuildingNonResidential,840,488,triangle
m409.obj,BuildingNonResidential,1988,1509,triangle
m415.obj,BuildingNonResidential,956,508,triangle
m471.obj,BuildingNonResidential,248,118,triangle
m408.obj,BuildingNonResidential,2372,1252,triangle
m472.obj,BuildingNonResidential,704,358,triangle
m399.obj,BuildingNonResidential,13536,7530,triangle
D00272.obj,MilitaryVehicle,30266,15903,triangle
D00799.obj,MilitaryVehicle,1342,719,triangle
D00458.obj,MilitaryVehicle,34011,17962,triangle
D00778.obj,MilitaryVehicle,7133,4449,triangle
D00801.obj,MilitaryVehicle,69397,38911,triangle
D00334.obj,MilitaryVehicle,9976,20392,triangle
D00932.obj,MilitaryVehicle,17224,10050,triangle
D00723.obj,MilitaryVehicle,25582,16287,triangle
D00933.obj,MilitaryVehicle,16891,13652,triangle
D00017.obj,MilitaryVehicle,49148,27719,triangle
D00761.obj,MilitaryVehicle,15408,7768,triangle
D00100.obj,MilitaryVehicle,5588,3225,triangle
D00577.obj,MilitaryVehicle,42389,25763,triangle
D00918.obj,MilitaryVehicle,25812,13914,triangle
D00051.obj,MilitaryVehicle,1624,855,triangle
D00529.obj,MilitaryVehicle,74093,38226,triangle
D00173.obj,MilitaryVehicle,24950,17299,triangle
D00971.obj,MilitaryVehicle,11866,7344,triangle
D00611.obj,MilitaryVehicle,4483,2625,triangle
D00952.obj,MilitaryVehicle,19260,11929,triangle
D00732.obj,Insect,23932,12603,triangle
D00786.obj,Insect,5358,2859,triangle
D00884.obj,Insect,41626,24324,triangle
m3.obj,Insect,912,486,triangle
D00590.obj,Insect,2580,1430,triangle
m9.obj,Insect,894,557,triangle
m14.obj,Insect,1678,891,triangle
m23.obj,Insect,876,462,triangle
D00615.obj,Insect,5088,2546,triangle
D00855.obj,Insect,554,299,triangle
m13.obj,Insect,1087,491,triangle
m7.obj,Insect,506,265,triangle
D00180.obj,Insect,5046,2572,triangle
D00291.obj,Insect,528,296,triangle
m15.obj,Insect,724,368,triangle
D00294.obj,Insect,3110,2056,triangle
m8.obj,Insect,698,423,triangle
D00117.obj,Insect,9732,5090,triangle
D00309.obj,Insect,2818,1551,triangle
m21.obj,Insect,556,346,triangle
m6.obj,Insect,17998,9184,triangle
D00734.obj,Insect,2976,1588,triangle
D00895.obj,Insect,15702,4173,triangle
m19.obj,Insect,5490,3339,triangle
D00662.obj,Insect,41626,24324,triangle
D00109.obj,Insect,5280,3288,triangle
m17.obj,Insect,2980,1548,triangle
D00814.obj,Insect,2628,1362,triangle
m4.obj,Insect,8216,4346,triangle
D00695.obj,Insect,1500,790,triangle
D00510.obj,Insect,550,329,triangle
D00753.obj,Insect,19952,10092,triangle
D00746.obj,Insect,8324,4250,triangle
D00315.obj,Insect,572,314,triangle
m22.obj,Insect,620,333,triangle
D00668.obj,Insect,30554,15305,triangle
D00973.obj,Insect,15145,7638,triangle
m18.obj,Insect,8324,4250,triangle
D00160.obj,Insect,458,253,triangle
D00102.obj,Insect,5046,2572,triangle
m12.obj,Insect,500,278,triangle
D00082.obj,Insect,12876,7162,triangle
m26.obj,Insect,10274,5266,triangle
D00989.obj,Insect,588,313,triangle
D00430.obj,Insect,46540,23399,triangle
m16.obj,Insect,5162,2666,triangle
D00399.obj,Insect,5295,2763,triangle
D00752.obj,Insect,25000,12528,triangle
D00787.obj,Insect,972,562,triangle
m11.obj,Insect,724,368,triangle
D00672.obj,Insect,5490,3334,triangle
D00333.obj,Insect,11290,6007,triangle
m1.obj,Insect,410,255,triangle
m20.obj,Insect,3042,1624,triangle
D00231.obj,Insect,570,312,triangle
D00713.obj,Insect,6808,1728,triangle
D00806.obj,Insect,578,309,triangle
m10.obj,Insect,2628,1362,triangle
m0.obj,Insect,492,298,triangle
D00136.obj,Insect,2556,1384,triangle
D00774.obj,Insect,2980,1548,triangle
m24.obj,Insect,284,163,triangle
D00081.obj,Insect,578,313,triangle
D00788.obj,Insect,9662,6175,triangle
m25.obj,Insect,2494,1249,triangle
m2.obj,Insect,6667,3495,triangle
m1638.obj,Hat,17640,8815,triangle
m1639.obj,Hat,4000,2029,triangle
m1633.obj,Hat,2653,1400,triangle
m1636.obj,Hat,848,426,triangle
m1635.obj,Hat,10190,5092,triangle
m1632.obj,Hat,2574,1264,triangle
m1630.obj,Hat,1120,562,triangle
m1627.obj,Hat,1998,1009,triangle
m1628.obj,Hat,1500,958,triangle
m1640.obj,Hat,2000,1002,triangle
m1631.obj,Hat,3414,2064,triangle
m1629.obj,Hat,4284,2388,triangle
m1641.obj,Hat,2500,1256,triangle
m1634.obj,Hat,11562,5814,triangle
m1637.obj,Hat,2000,1002,triangle
m1660.obj,City,4217,2341,triangle
D01007.obj,City,3119,3163,triangle
D01056.obj,City,1767,1638,triangle
D01079.obj,City,17394,9201,triangle
D01091.obj,City,2136,1321,triangle
D01133.obj,City,10712,5804,triangle
D01068.obj,City,9290,5538,triangle
m1662.obj,City,17394,9201,triangle
D01195.obj,City,16061,16857,triangle
D01018.obj,City,10335,6529,triangle
m1654.obj,City,9290,5538,triangle
D01173.obj,City,4217,2341,triangle
m1664.obj,City,1891,1049,triangle
D01101.obj,City,35805,26070,triangle
D01090.obj,City,13409,7089,triangle
m1652.obj,City,2938,2274,triangle
D01092.obj,City,1337,1380,triangle
D01181.obj,City,5327,5137,triangle
D01066.obj,City,17091,9894,triangle
D01192.obj,City,16111,14752,triangle
D01010.obj,City,1948,1049,triangle
m1661.obj,City,2022,1344,triangle
m1659.obj,City,10692,5804,triangle
D01103.obj,City,3112,2274,triangle
D01039.obj,City,2022,1344,triangle
D01001.obj,City,7853,6645,triangle
D01124.obj,City,9152,5211,triangle
m987.obj,PlantWildNonTree,982,850,triangle
m978.obj,PlantWildNonTree,3966,3411,triangle
m965.obj,PlantWildNonTree,22999,13871,triangle
m976.obj,PlantWildNonTree,1889,1272,triangle
m961.obj,PlantWildNonTree,9427,6513,triangle
m986.obj,PlantWildNonTree,13512,6656,triangle
m979.obj,PlantWildNonTree,1070,1236,triangle
m973.obj,PlantWildNonTree,24673,15492,triangle
m985.obj,PlantWildNonTree,88945,50833,triangle
m988.obj,PlantWildNonTree,6000,3093,triangle
m983.obj,PlantWildNonTree,74,70,triangle
m1052.obj,PlantWildNonTree,186,342,triangle
m972.obj,PlantWildNonTree,15295,16197,triangle
m967.obj,PlantWildNonTree,16912,12982,triangle
m968.obj,PlantWildNonTree,11712,9018,triangle
m984.obj,PlantWildNonTree,982,849,triangle
m974.obj,PlantWildNonTree,358,379,triangle
m964.obj,PlantWildNonTree,18851,13950,triangle
m977.obj,PlantWildNonTree,3044,1548,triangle
m981.obj,PlantWildNonTree,2200,927,triangle
m971.obj,PlantWildNonTree,3452,3962,triangle
m966.obj,PlantWildNonTree,5280,7920,triangle
m980.obj,PlantWildNonTree,16005,8937,triangle
m962.obj,PlantWildNonTree,19104,15136,triangle
m982.obj,PlantWildNonTree,600,332,triangle
m963.obj,PlantWildNonTree,15008,11548,triangle
m975.obj,PlantWildNonTree,450,241,triangle
m1124.obj,Biplane,572,390,triangle
D00616.obj,Biplane,37102,20306,triangle
m1126.obj,Biplane,1316,770,triangle
m1123.obj,Biplane,1756,1015,triangle
D00276.obj,Biplane,916,567,triangle
m1136.obj,Biplane,1628,904,triangle
m1120.obj,Biplane,129881,65722,triangle
D00634.obj,Biplane,77264,48973,triangle
m1146.obj,Biplane,3016,1700,triangle
D00900.obj,Biplane,49863,27750,triangle
D00490.obj,Biplane,46318,24998,triangle
D00854.obj,Biplane,37292,18966,triangle
m1122.obj,Biplane,11577,6704,triangle
D00199.obj,Biplane,3764,2584,triangle
D00178.obj,Biplane,8057,10942,triangle
m1135.obj,Biplane,360,264,triangle
m1125.obj,Biplane,656,434,triangle
D00666.obj,Biplane,794,469,triangle
D00632.obj,Biplane,1024,624,triangle
D00410.obj,Biplane,4254,2167,triangle
m1132.obj,Biplane,1428,882,triangle
D00320.obj,Biplane,17476,9723,triangle
D00373.obj,Biplane,12536,5941,triangle
m1137.obj,Biplane,524,408,triangle
m1118.obj,Biplane,20408,10676,triangle
D00515.obj,Biplane,10522,5381,triangle
m1143.obj,Biplane,6570,3336,triangle
D00890.obj,Biplane,47490,45079,triangle
m1121.obj,Biplane,1913,1062,triangle
D00069.obj,Biplane,6326,3242,triangle
m1129.obj,Biplane,6272,3351,triangle
m1141.obj,Biplane,23138,11819,triangle
m1134.obj,Biplane,512,338,triangle
m1128.obj,Biplane,1232,718,triangle
m1119.obj,Biplane,1550,863,triangle
m1127.obj,Biplane,520,354,triangle
D00601.obj,Biplane,36024,18086,triangle
m1131.obj,Biplane,768,482,triangle
m1144.obj,Biplane,6736,3627,triangle
m1138.obj,Biplane,3586,2050,triangle
m1133.obj,Biplane,1024,624,triangle
D00132.obj,Biplane,348,287,triangle
D00246.obj,Biplane,9353,14082,triangle
D00277.obj,Biplane,41567,22427,triangle
m1139.obj,Biplane,4234,2920,triangle
D01073.obj,Computer,8997,4638,triangle
m1777.obj,Computer,618,325,triangle
m1776.obj,Computer,538,270,triangle
D01037.obj,Computer,400,135,triangle
D01185.obj,Computer,538,270,triangle
m1769.obj,Computer,76,46,triangle
D01002.obj,Computer,5109,2591,triangle
D01085.obj,Computer,76,46,triangle
D01115.obj,Computer,11211,8163,triangle
m1773.obj,Computer,4217,2503,triangle
m1767.obj,Computer,5109,2591,triangle
D01164.obj,Computer,5270,2674,triangle
m1770.obj,Computer,5666,2986,triangle
m1778.obj,Computer,9528,5026,triangle
D01067.obj,Computer,9528,5026,triangle
D01026.obj,Computer,760,396,triangle
D01033.obj,Computer,5666,2986,triangle
m1772.obj,Computer,34133,17301,triangle
D01070.obj,Computer,7734,3935,triangle
D01082.obj,Computer,6365,4269,triangle
m1766.obj,Computer,43,29,triangle
m1774.obj,Computer,740,284,triangle
D01100.obj,Computer,5666,2986,triangle
D01028.obj,Computer,4217,2503,triangle
D01023.obj,Computer,20749,11463,triangle
m1765.obj,Computer,30,28,triangle
D01072.obj,Computer,618,325,triangle
D01102.obj,Computer,30,28,triangle
m1764.obj,Computer,1092,668,triangle
D01071.obj,Computer,43,29,triangle
D01128.obj,Computer,34133,17301,triangle
m1775.obj,Computer,760,396,triangle
D01098.obj,Computer,1092,668,triangle
D00431.obj,SubmachineGun,2708,1783,triangle
D00960.obj,SubmachineGun,294,182,triangle
D00537.obj,SubmachineGun,3190,3629,triangle
D00119.obj,SubmachineGun,23060,11791,triangle
D00052.obj,SubmachineGun,4275,2258,triangle
D00384.obj,SubmachineGun,2216,1806,triangle
D00371.obj,SubmachineGun,31606,18170,triangle
D00068.obj,SubmachineGun,38396,19423,triangle
D00893.obj,SubmachineGun,281,170,triangle
D00970.obj,SubmachineGun,785,451,triangle
D00062.obj,SubmachineGun,2964,2291,triangle
D00489.obj,SubmachineGun,2180,1434,triangle
D00733.obj,SubmachineGun,8831,4970,triangle
D00064.obj,SubmachineGun,13256,6530,triangle
D00459.obj,SubmachineGun,49474,24710,triangle
D00219.obj,SubmachineGun,2532,1520,triangle
D00613.obj,SubmachineGun,2437,1424,triangle
D00060.obj,SubmachineGun,1014,577,triangle
D00878.obj,SubmachineGun,2916,2027,triangle
D00256.obj,SubmachineGun,1326,760,triangle
D01110.obj,Bookset,936,166,triangle
D01030.obj,Bookset,1152,208,triangle
D01146.obj,Bookset,7149,2694,triangle
D01184.obj,Bookset,1557,247,triangle
D01009.obj,Bookset,3156,444,triangle
D01190.obj,Bookset,14484,2417,triangle
D01038.obj,Bookset,14844,2208,triangle
D01013.obj,Bookset,816,320,triangle
D01109.obj,Bookset,6861,1203,triangle
D01108.obj,Bookset,9798,1628,triangle
D01050.obj,Bookset,780,140,triangle
D01135.obj,Bookset,10185,1645,triangle
D01096.obj,Bookset,2544,624,triangle
D01122.obj,Bookset,624,110,triangle
D01199.obj,Bookset,1524,240,triangle
D01182.obj,Bookset,1020,188,triangle
D01078.obj,Bookset,6861,1203,triangle
D01183.obj,Bookset,3231,891,triangle
D01042.obj,Bookset,2373,668,triangle
D01065.obj,Bookset,918,360,triangle
D00090.obj,DeskLamp,11216,6516,triangle
D00378.obj,DeskLamp,116,69,triangle
D00776.obj,DeskLamp,1972,1001,triangle
m605.obj,DeskLamp,1300,531,triangle
m611.obj,DeskLamp,200,87,triangle
D00797.obj,DeskLamp,28504,14960,triangle
D00455.obj,DeskLamp,15060,7627,triangle
D00268.obj,DeskLamp,3672,1868,triangle
m614.obj,DeskLamp,684,336,triangle
m609.obj,DeskLamp,2234,1137,triangle
m613.obj,DeskLamp,200,136,triangle
D00759.obj,DeskLamp,11780,5982,triangle
m606.obj,DeskLamp,145,87,triangle
D00693.obj,DeskLamp,1224,655,triangle
D00744.obj,DeskLamp,38066,21616,triangle
m603.obj,DeskLamp,320,166,triangle
D00547.obj,DeskLamp,45584,22837,triangle
m616.obj,DeskLamp,28358,14129,triangle
D00257.obj,DeskLamp,4366,2208,triangle
m615.obj,DeskLamp,5410,2689,triangle
D00715.obj,DeskLamp,3916,1964,triangle
D00048.obj,DeskLamp,6976,4189,triangle
m608.obj,DeskLamp,1314,699,triangle
D00912.obj,DeskLamp,8640,10656,triangle
D00686.obj,DeskLamp,6901,3558,triangle
D00435.obj,DeskLamp,4476,2252,triangle
D00698.obj,DeskLamp,1044,615,triangle
D00330.obj,DeskLamp,18523,13579,triangle
m604.obj,DeskLamp,2333,1316,triangle
D00147.obj,DeskLamp,836,503,triangle
D00531.obj,DeskLamp,4546,2300,triangle
m1607.obj,Chess,1600,802,triangle
m1593.obj,Chess,50984,25650,triangle
m1599.obj,Chess,496,250,triangle
D01049.obj,Chess,419,214,triangle
D01138.obj,Chess,828,416,triangle
D01099.obj,Chess,4750,2386,triangle
D01112.obj,Chess,2360,1182,triangle
m1595.obj,Chess,121343,60671,triangle
m1598.obj,Chess,2360,1182,triangle
D01171.obj,Chess,8000,4002,triangle
m1612.obj,Chess,2600,1282,triangle
D01105.obj,Chess,560,282,triangle
D01017.obj,Chess,756,380,triangle
D01053.obj,Chess,168,89,triangle
m1609.obj,Chess,304,154,triangle
m1591.obj,Chess,14472,7339,triangle
m1589.obj,Chess,7218,3782,triangle
D01080.obj,Chess,496,250,triangle
m1604.obj,Chess,419,214,triangle
D01021.obj,Chess,2944,1474,triangle
D01081.obj,Chess,13450,6727,triangle
m1602.obj,Chess,3080,1542,triangle
m1610.obj,Chess,12184,6094,triangle
m1601.obj,Chess,13450,6727,triangle
m1596.obj,Chess,32997,16803,triangle
D01043.obj,Chess,772,389,triangle
m1605.obj,Chess,168,89,triangle
D01123.obj,Chess,776,390,triangle
D01045.obj,Chess,3080,1542,triangle
D01019.obj,Chess,828,416,triangle
m1611.obj,Chess,2944,1474,triangle
D01188.obj,Chess,480,242,triangle
D01130.obj,Chess,2600,1282,triangle
m1613.obj,Chess,560,282,triangle
D01126.obj,Chess,1600,802,triangle
m1600.obj,Chess,828,416,triangle
m1603.obj,Chess,772,389,triangle
D01186.obj,Chess,304,154,triangle
D01145.obj,Chess,776,390,triangle
m1606.obj,Chess,4750,2386,triangle
m1608.obj,Chess,480,242,triangle
m1614.obj,Chess,776,390,triangle
m949.obj,Bed,1388,706,triangle
m951.obj,Bed,572,363,triangle
D00184.obj,Bed,14204,7218,triangle
D00110.obj,Bed,3644,1926,triangle
D00969.obj,Bed,23918,13151,triangle
D00839.obj,Bed,32648,16364,triangle
D00735.obj,Bed,684,453,triangle
m947.obj,Bed,584,441,triangle
D00650.obj,Bed,7443,3752,triangle
D00836.obj,Bed,3154,1563,triangle
D00988.obj,Bed,624,768,triangle
D00121.obj,Bed,24612,15368,triangle
D00217.obj,Bed,6272,3238,triangle
m948.obj,Bed,9038,4597,triangle
D00417.obj,Bed,24736,12808,triangle
D00552.obj,Bed,12251,6349,triangle
D00307.obj,Bed,5259,2644,triangle
m946.obj,Bed,644,449,triangle
D00538.obj,Bed,13868,7136,triangle
D00031.obj,Bed,3590,1867,triangle
D00322.obj,Bed,14796,9342,triangle
m945.obj,Bed,15659,8116,triangle
D00213.obj,Bed,4536,2277,triangle
D00210.obj,Bed,34247,22063,triangle
D00565.obj,Bed,1628,826,triangle
m950.obj,Bed,724,437,triangle
D00545.obj,Bed,838,415,triangle
m1070.obj,Tree,1134,1194,triangle
m1063.obj,Tree,932,470,triangle
m1092.obj,Tree,638,337,triangle
D00727.obj,Tree,40642,56409,triangle
D00096.obj,Tree,36512,54223,triangle
m1075.obj,Tree,1112,574,triangle
D00200.obj,Tree,10908,19368,triangle
D00479.obj,Tree,35761,28407,triangle
m1064.obj,Tree,1800,2681,triangle
m1062.obj,Tree,692,334,triangle
m1069.obj,Tree,17436,18418,triangle
D00810.obj,Tree,25996,29528,triangle
m1067.obj,Tree,1756,1058,triangle
D00367.obj,Tree,3692,2903,triangle
D00456.obj,Tree,1697,1936,triangle
m1077.obj,Tree,1471,832,triangle
D00223.obj,Tree,54644,58864,triangle
m1071.obj,Tree,1812,1086,triangle
m1097.obj,Tree,31,35,triangle
D00765.obj,Tree,29804,41501,triangle
m1091.obj,Tree,3814,2457,triangle
m1096.obj,Tree,1376,835,triangle
D00533.obj,Tree,18412,31972,triangle
m1065.obj,Tree,1610,3007,triangle
m1066.obj,Tree,2042,1904,triangle
m1068.obj,Tree,1892,1366,triangle
m1090.obj,Tree,10928,5482,triangle
m1072.obj,Tree,1296,1356,triangle
D00834.obj,Tree,73042,52078,triangle
D00439.obj,Tree,28551,36902,triangle
m1089.obj,Tree,264,170,triangle
D00393.obj,Tree,41792,49528,triangle
m1098.obj,Tree,3701,3441,triangle
m1079.obj,Tree,260,155,triangle
m1093.obj,Tree,1954,1197,triangle
m1095.obj,Tree,1445,1303,triangle
m1082.obj,Tree,140,82,triangle
D00996.obj,Tree,28868,29340,triangle
D00612.obj,Tree,4891,11385,triangle
D00221.obj,Tree,51077,49630,triangle
m1086.obj,Tree,6856,6247,triangle
D00911.obj,Tree,46364,58369,triangle
D00777.obj,Tree,13758,21856,triangle
m1078.obj,Tree,696,724,triangle
D00385.obj,Tree,7366,12534,triangle
D00573.obj,Tree,23680,23696,triangle
m1050.obj,Tree,4629,5410,triangle
D00926.obj,Truck,39495,5602,triangle
D00287.obj,Truck,30009,5290,triangle
m1570.obj,Truck,3111,1445,triangle
D00056.obj,Truck,21741,4148,triangle
m1576.obj,Truck,7038,3519,triangle
m1571.obj,Truck,23350,12792,triangle
D00331.obj,Truck,34089,4990,triangle
D00518.obj,Truck,32121,5427,triangle
D00047.obj,Truck,21885,3644,triangle
m1572.obj,Truck,18340,9614,triangle
D00010.obj,Truck,38910,6939,triangle
D00835.obj,Truck,69420,11749,triangle
D00112.obj,Truck,47286,7853,triangle
D00158.obj,Truck,46152,8315,triangle
D00804.obj,Truck,35157,6576,triangle
D00424.obj,Truck,34776,3725,triangle
D00406.obj,Truck,9108,1419,triangle
m1575.obj,Truck,92176,47209,triangle
D00947.obj,Truck,15906,2530,triangle
D00303.obj,Truck,54603,8955,triangle
D00241.obj,Truck,6990,1162,triangle
m1574.obj,Truck,7402,3780,triangle
D00987.obj,Truck,78354,13228,triangle
D00002.obj,Truck,2520,482,triangle
m1573.obj,Truck,2788,1461,triangle
D00003.obj,Truck,37098,6683,triangle
D00029.obj,Truck,38331,5209,triangle
m79.obj,AquaticAnimal,226,166,triangle
m58.obj,AquaticAnimal,950,477,triangle
m81.obj,AquaticAnimal,1673,857,triangle
m71.obj,AquaticAnimal,836,420,triangle
m73.obj,AquaticAnimal,564,285,triangle
m68.obj,AquaticAnimal,1098,553,triangle
m63.obj,AquaticAnimal,1792,1112,triangle
m77.obj,AquaticAnimal,23022,11578,triangle
m69.obj,AquaticAnimal,560,317,triangle
m57.obj,AquaticAnimal,36278,18878,triangle
m62.obj,AquaticAnimal,478,241,triangle
m76.obj,AquaticAnimal,3164,1583,triangle
m54.obj,AquaticAnimal,33836,18143,triangle
m67.obj,AquaticAnimal,27996,14000,triangle
m59.obj,AquaticAnimal,1680,44,triangle
m70.obj,AquaticAnimal,560,320,triangle
m80.obj,AquaticAnimal,2104,1104,triangle
m65.obj,AquaticAnimal,1930,1004,triangle
m60.obj,AquaticAnimal,3208,1606,triangle
m53.obj,AquaticAnimal,34877,18409,triangle
m75.obj,AquaticAnimal,512,298,triangle
m64.obj,AquaticAnimal,444,247,triangle
m74.obj,AquaticAnimal,336,162,triangle
m78.obj,AquaticAnimal,734,468,triangle
m72.obj,AquaticAnimal,590,331,triangle
m56.obj,AquaticAnimal,10893,5814,triangle
m55.obj,AquaticAnimal,37072,19505,triangle
m61.obj,AquaticAnimal,337,216,triangle
m66.obj,AquaticAnimal,8196,4117,triangle
m629.obj,Musical_Instrument,16090,8225,triangle
m628.obj,Musical_Instrument,20186,10314,triangle
m626.obj,Musical_Instrument,8660,4500,triangle
m637.obj,Musical_Instrument,16931,8636,triangle
m646.obj,Musical_Instrument,358,227,triangle
m625.obj,Musical_Instrument,7019,3655,triangle
m634.obj,Musical_Instrument,2253,1372,triangle
m643.obj,Musical_Instrument,2392,1331,triangle
m632.obj,Musical_Instrument,1932,1033,triangle
m640.obj,Musical_Instrument,7346,3712,triangle
m627.obj,Musical_Instrument,13529,7445,triangle
m639.obj,Musical_Instrument,45776,23238,triangle
m641.obj,Musical_Instrument,3600,1864,triangle
m645.obj,Musical_Instrument,266,362,triangle
m633.obj,Musical_Instrument,1728,524,triangle
m630.obj,Musical_Instrument,9011,4694,triangle
m647.obj,Musical_Instrument,6480,3645,triangle
m638.obj,Musical_Instrument,7584,3884,triangle
m631.obj,Musical_Instrument,93366,47076,triangle
m644.obj,Musical_Instrument,39589,20116,triangle
m635.obj,Musical_Instrument,25330,13705,triangle
D00201.obj,Glasses,12656,6519,triangle
D00937.obj,Glasses,280,312,triangle
D00816.obj,Glasses,30220,15752,triangle
D00225.obj,Glasses,3000,1524,triangle
D00660.obj,Glasses,18568,10770,triangle
D00640.obj,Glasses,25604,13986,triangle
D00432.obj,Glasses,700,408,triangle
D00717.obj,Glasses,3624,1836,triangle
D00630.obj,Glasses,5960,3019,triangle
D00507.obj,Glasses,11300,6852,triangle
D00730.obj,Glasses,6336,3334,triangle
D00475.obj,Glasses,3092,1566,triangle
D00813.obj,Glasses,1364,696,triangle
D00656.obj,Glasses,868,220,triangle
D00994.obj,Glasses,4312,2199,triangle
D00050.obj,Glasses,11300,6852,triangle
D00877.obj,Glasses,5414,2864,triangle
D00560.obj,Glasses,8368,4230,triangle
D00575.obj,Glasses,32776,17472,triangle
D00883.obj,Glasses,5504,2804,triangle
m1105.obj,Tool,3092,1550,triangle
m1113.obj,Tool,4076,2042,triangle
D01165.obj,Tool,8910,4457,triangle
D01113.obj,Tool,8810,4407,triangle
m1108.obj,Tool,3756,2186,triangle
m588.obj,Tool,6594,3353,triangle
m1103.obj,Tool,330,199,triangle
D01152.obj,Tool,7880,3942,triangle
D01148.obj,Tool,8952,4478,triangle
m587.obj,Tool,8230,4129,triangle
m1100.obj,Tool,452,232,triangle
D01142.obj,Tool,10216,5110,triangle
m1116.obj,Tool,2234,1155,triangle
m1112.obj,Tool,621,316,triangle
D01012.obj,Tool,8922,4463,triangle
D01003.obj,Tool,7922,3963,triangle
m1107.obj,Tool,2199,1116,triangle
m1106.obj,Tool,4076,1902,triangle
m590.obj,Tool,8017,4461,triangle
D01040.obj,Tool,9584,4794,triangle
m1099.obj,Tool,600,302,triangle
D01159.obj,Tool,8952,4478,triangle
m591.obj,Tool,6381,3185,triangle
m1102.obj,Tool,52,24,triangle
D01069.obj,Tool,12392,6198,triangle
m1114.obj,Tool,2292,1344,triangle
m1111.obj,Tool,1038,523,triangle
D01176.obj,Tool,8592,4298,triangle
m1101.obj,Tool,262,135,triangle
m1110.obj,Tool,1687,850,triangle
D01127.obj,Tool,12204,6104,triangle
D01084.obj,Tool,8978,4491,triangle
D01154.obj,Tool,10400,5202,triangle
D01156.obj,Tool,11012,5508,triangle
m1109.obj,Tool,2891,1490,triangle
m1117.obj,Tool,3424,1720,triangle
D01086.obj,Tool,7604,3804,triangle
m1104.obj,Tool,708,362,triangle
D01044.obj,Tool,10398,5201,triangle
m1115.obj,Tool,2266,1327,triangle
D01111.obj,Tool,8564,4284,triangle
D01140.obj,Tool,7808,3906,triangle
m589.obj,Tool,4046,2354,triangle
D01131.obj,Tool,8970,4487,triangle
D00151.obj,Bus,54282,9415,triangle
D00857.obj,Bus,28053,5223,triangle
D00436.obj,Bus,29118,4587,triangle
D00483.obj,Bus,25650,6097,triangle
D00832.obj,Bus,18774,3155,triangle
D00677.obj,Bus,65712,11974,triangle
D00815.obj,Bus,40023,7075,triangle
D00182.obj,Bus,86502,13436,triangle
D00448.obj,Bus,42369,7367,triangle
D00411.obj,Bus,34821,4964,triangle
D00754.obj,Bus,59982,8866,triangle
D00823.obj,Bus,45333,7367,triangle
D00264.obj,Bus,67185,11096,triangle
D00516.obj,Bus,24888,4096,triangle
D00114.obj,Bus,53259,7643,triangle
D00775.obj,Bus,65670,9510,triangle
D00084.obj,Bus,75870,12919,triangle
D00446.obj,Bus,28227,4915,triangle
D00179.obj,Bus,42567,5976,triangle
D00769.obj,Bus,56925,8963,triangle
D00482.obj,Monoplane,2768,1672,triangle
D00098.obj,Monoplane,374,238,triangle
D00402.obj,Monoplane,668,393,triangle
D00963.obj,Monoplane,1328,790,triangle
D00925.obj,Monoplane,1344,713,triangle
D00798.obj,Monoplane,4152,2337,triangle
D00301.obj,Monoplane,2088,1264,triangle
D00840.obj,Monoplane,4872,2512,triangle
D00011.obj,Monoplane,1032,597,triangle
D00319.obj,Monoplane,1862,1066,triangle
D00019.obj,Monoplane,1578,837,triangle
D00262.obj,Monoplane,868,524,triangle
D00304.obj,Monoplane,2704,1521,triangle
D00688.obj,Monoplane,10232,5849,triangle
D00043.obj,Monoplane,556,338,triangle
D00169.obj,Monoplane,4146,2983,triangle
D00617.obj,Monoplane,14840,7440,triangle
D00995.obj,Monoplane,940,586,triangle
D00864.obj,Monoplane,1061,627,triangle
D00167.obj,Monoplane,1000,593,triangle
D00345.obj,Motorcycle,33774,18397,triangle
D00858.obj,Motorcycle,28454,25404,triangle
D00886.obj,Motorcycle,29064,15288,triangle
D00476.obj,Motorcycle,45963,25632,triangle
D00224.obj,Motorcycle,7453,3920,triangle
m1479.obj,Motorcycle,22065,12097,triangle
D00395.obj,Motorcycle,12538,7334,triangle
m1480.obj,Motorcycle,18238,9543,triangle
D00342.obj,Motorcycle,64374,35829,triangle
D00288.obj,Motorcycle,12510,6697,triangle
D00544.obj,Motorcycle,22065,12097,triangle
D00768.obj,Motorcycle,18420,9288,triangle
D00396.obj,Motorcycle,6096,3397,triangle
D00703.obj,Motorcycle,90616,46694,triangle
D00021.obj,Motorcycle,18238,9543,triangle
m1483.obj,Motorcycle,90616,46407,triangle
D00039.obj,Motorcycle,36384,18315,triangle
m1482.obj,Motorcycle,29064,15291,triangle
D00054.obj,Motorcycle,9454,5300,triangle
m1484.obj,Motorcycle,180,118,triangle
D00880.obj,Motorcycle,11152,5713,triangle
m1481.obj,Motorcycle,1036,547,triangle
D00521.obj,Motorcycle,32576,16542,triangle
D00269.obj,Motorcycle,5544,3061,triangle
D00594.obj,Motorcycle,22067,12312,triangle
D00945.obj,Motorcycle,4590,4481,triangle
m658.obj,Gun,560,293,triangle
m661.obj,Gun,668,370,triangle
D00207.obj,Gun,31917,16366,triangle
D00282.obj,Gun,7618,3835,triangle
m683.obj,Gun,932,502,triangle
m652.obj,Gun,10198,4950,triangle
m656.obj,Gun,31098,15763,triangle
m648.obj,Gun,2428,1238,triangle
m677.obj,Gun,6623,3330,triangle
m678.obj,Gun,2216,1305,triangle
D00477.obj,Gun,3772,2147,triangle
m680.obj,Gun,5500,2823,triangle
m682.obj,Gun,926,550,triangle
m670.obj,Gun,6538,3285,triangle
D00368.obj,Gun,9270,4651,triangle
D00209.obj,Gun,6484,6826,triangle
m657.obj,Gun,36520,18283,triangle
m686.obj,Gun,1721,879,triangle
D00137.obj,Gun,10332,5308,triangle
D00204.obj,Gun,10640,5558,triangle
m663.obj,Gun,922,502,triangle
D00239.obj,Gun,4229,2121,triangle
m679.obj,Gun,3774,2003,triangle
D00972.obj,Gun,56646,28870,triangle
D00606.obj,Gun,6668,3338,triangle
m672.obj,Gun,252,140,triangle
m654.obj,Gun,2088,1064,triangle
D00802.obj,Gun,564,300,triangle
m669.obj,Gun,1832,1070,triangle
m659.obj,Gun,2291,1181,triangle
m671.obj,Gun,2302,1190,triangle
m684.obj,Gun,55732,27919,triangle
m665.obj,Gun,3500,1847,triangle
m674.obj,Gun,15199,7722,triangle
m681.obj,Gun,1160,630,triangle
D00161.obj,Gun,572,302,triangle
D00103.obj,Gun,1654,1931,triangle
D00826.obj,Gun,23596,11855,triangle
m662.obj,Gun,828,460,triangle
m675.obj,Gun,640,438,triangle
D00140.obj,Gun,8734,4462,triangle
D00153.obj,Gun,704,364,triangle
m653.obj,Gun,4300,2162,triangle
m660.obj,Gun,3260,1085,triangle
D00819.obj,Gun,34169,17257,triangle
m676.obj,Gun,910,485,triangle
D00425.obj,Gun,21237,10850,triangle
m668.obj,Gun,2538,1414,triangle
m649.obj,Gun,1945,1094,triangle
m655.obj,Gun,704,364,triangle
m667.obj,Gun,1500,767,triangle
m651.obj,Gun,130,91,triangle
D00244.obj,Gun,558,299,triangle
m666.obj,Gun,26860,13440,triangle
D00929.obj,Gun,1394,1026,triangle
m664.obj,Gun,9270,4651,triangle
m650.obj,Gun,2464,1460,triangle
m685.obj,Gun,550,280,triangle
